[{"model": "contenttypes.contenttype", "pk": 1, "fields": {"app_label": "admin", "model": "logentry"}}, {"model": "contenttypes.contenttype", "pk": 2, "fields": {"app_label": "auth", "model": "permission"}}, {"model": "contenttypes.contenttype", "pk": 3, "fields": {"app_label": "auth", "model": "group"}}, {"model": "contenttypes.contenttype", "pk": 4, "fields": {"app_label": "auth", "model": "user"}}, {"model": "contenttypes.contenttype", "pk": 5, "fields": {"app_label": "contenttypes", "model": "contenttype"}}, {"model": "contenttypes.contenttype", "pk": 6, "fields": {"app_label": "sessions", "model": "session"}}, {"model": "contenttypes.contenttype", "pk": 7, "fields": {"app_label": "blog", "model": "article"}}, {"model": "contenttypes.contenttype", "pk": 8, "fields": {"app_label": "blog", "model": "author"}}, {"model": "contenttypes.contenttype", "pk": 9, "fields": {"app_label": "blog", "model": "category"}}, {"model": "contenttypes.contenttype", "pk": 10, "fields": {"app_label": "blog", "model": "tag"}}, {"model": "contenttypes.contenttype", "pk": 11, "fields": {"app_label": "comments", "model": "comment"}}, {"model": "contenttypes.contenttype", "pk": 12, "fields": {"app_label": "avatar", "model": "avatar"}}, {"model": "sessions.session", "pk": "aqe8qjazztgr0u9ccnj3fcck6hlq4cz9", "fields": {"session_data": "YWIyMzBmNDQwOTQ0NDM4MWIyODQ2N2NiODI1MTdmNjlhZTE0NDFlNTp7Il9hdXRoX3VzZXJfaWQiOiIxIiwiX2F1dGhfdXNlcl9iYWNrZW5kIjoiZGphbmdvLmNvbnRyaWIuYXV0aC5iYWNrZW5kcy5Nb2RlbEJhY2tlbmQiLCJfYXV0aF91c2VyX2hhc2giOiI2ZmJhNmYxMDhjMmFmZmE2Y2ZjZWY2MmI4NjNlOGNjODg5NjBlNDg5In0=", "expire_date": "2019-02-27T13:50:23.211"}}, {"model": "sessions.session", "pk": "d3oca8l3jq5dfn5xqci1vvuozlvr0u7j", "fields": {"session_data": "YWIyMzBmNDQwOTQ0NDM4MWIyODQ2N2NiODI1MTdmNjlhZTE0NDFlNTp7Il9hdXRoX3VzZXJfaWQiOiIxIiwiX2F1dGhfdXNlcl9iYWNrZW5kIjoiZGphbmdvLmNvbnRyaWIuYXV0aC5iYWNrZW5kcy5Nb2RlbEJhY2tlbmQiLCJfYXV0aF91c2VyX2hhc2giOiI2ZmJhNmYxMDhjMmFmZmE2Y2ZjZWY2MmI4NjNlOGNjODg5NjBlNDg5In0=", "expire_date": "2019-02-28T17:16:00.405"}}, {"model": "blog.category", "pk": 1, "fields": {"name": "\u524d\u7aef\u8bbe\u8ba1"}}, {"model": "blog.category", "pk": 2, "fields": {"name": "web\u5f00\u53d1"}}, {"model": "blog.category", "pk": 3, "fields": {"name": "python"}}, {"model": "blog.category", "pk": 4, "fields": {"name": "\u5b89\u5168\u653b\u9632"}}, {"model": "blog.category", "pk": 5, "fields": {"name": "\u65e5\u5fd7\u5e73\u53f0"}}, {"model": "blog.category", "pk": 6, "fields": {"name": "\u81ea\u52a8\u5316"}}, {"model": "blog.category", "pk": 7, "fields": {"name": "\u6570\u636e\u5e93"}}, {"model": "blog.category", "pk": 8, "fields": {"name": "\u4e2a\u4eba\u7ec8\u7aef"}}, {"model": "blog.category", "pk": 9, "fields": {"name": "\u7cfb\u7edf\u8fd0\u7ef4"}}, {"model": "blog.category", "pk": 10, "fields": {"name": "\u5176\u4ed6"}}, {"model": "blog.category", "pk": 11, "fields": {"name": "oldboy"}}, {"model": "blog.category", "pk": 13, "fields": {"name": "\u57fa\u7840\u670d\u52a1"}}, {"model": "blog.category", "pk": 14, "fields": {"name": "\u7f51\u7edc\u6280\u672f"}}, {"model": "blog.tag", "pk": 1, "fields": {"name": "nginx"}}, {"model": "blog.tag", "pk": 2, "fields": {"name": "python"}}, {"model": "blog.tag", "pk": 3, "fields": {"name": "ELK"}}, {"model": "blog.tag", "pk": 4, "fields": {"name": "django"}}, {"model": "blog.tag", "pk": 5, "fields": {"name": "bond"}}, {"model": "blog.tag", "pk": 6, "fields": {"name": "\u94fe\u8def\u805a\u5408"}}, {"model": "blog.tag", "pk": 7, "fields": {"name": "\u8d1f\u8f7d\u5747\u8861"}}, {"model": "blog.tag", "pk": 8, "fields": {"name": "vpn"}}, {"model": "blog.tag", "pk": 9, "fields": {"name": "SSL"}}, {"model": "blog.tag", "pk": 10, "fields": {"name": "\u76d1\u63a7\u5e73\u53f0"}}, {"model": "blog.tag", "pk": 11, "fields": {"name": "web\u6027\u80fd"}}, {"model": "blog.tag", "pk": 12, "fields": {"name": "tor"}}, {"model": "blog.tag", "pk": 13, "fields": {"name": "shell"}}, {"model": "blog.tag", "pk": 14, "fields": {"name": "waf"}}, {"model": "blog.tag", "pk": 15, "fields": {"name": "fabric"}}, {"model": "blog.tag", "pk": 16, "fields": {"name": "\u81ea\u52a8\u5316"}}, {"model": "blog.tag", "pk": 17, "fields": {"name": "\u6027\u80fd\u6d4b\u8bd5"}}, {"model": "blog.tag", "pk": 18, "fields": {"name": "\u6545\u969c\u5b9a\u4f4d"}}, {"model": "blog.tag", "pk": 19, "fields": {"name": "tools"}}, {"model": "blog.tag", "pk": 20, "fields": {"name": "\u52a0\u5bc6"}}, {"model": "blog.article", "pk": 1, "fields": {"title": "H3C \u4ea4\u6362\u673a\u94fe\u8def\u805a\u5408\u4e0e\u670d\u52a1\u5668 bond0 \u8d1f\u8f7d\u5747\u8861\u8bbe\u7f6e", "body": ">\u914d\u7f6ebond0\u4e0a\u8054\u7f51\u7edc\u8bbe\u5907\u4e5f\u9700\u8981\u505a\u6346\u7ed1\uff0c\u5982\u679c\u662f\u5197\u4f59\u7684bond\u5219\u4e0a\u8054\u4e0d\u7528\u914d\u7f6e\r\n## H3Cs5560\u4ea4\u6362\u673a\r\n\r\n```shell\r\ninterface Bridge-Aggregation 1\r\n    port access vlan 10\r\n#\u521b\u5efa\u805a\u5408\u53e3\uff0c\u5212\u5165vlan\r\nint g 1/0/1\r\n    port link-aggregation group 1\r\n#\u805a\u5408\u7684\u4e24\u4e2a\u7269\u7406\u53e3\u90fd\u52a0\u5165\u96c6\u5408\u7ec4\r\nint g 2/0/1\r\n    port link-aggregation g 1\r\n```\r\n\r\n## \u670d\u52a1\u5668\r\nbond0\u914d\u7f6e```cat ifcfg-bond0```\r\n\r\n    DEVICE=bond0\r\n    BOOTPROTO=static\r\n    IPADDR=10.0.0.126\r\n    NETMASK=255.0.0.0\r\n    GATEWAY=10.0.0.1\r\n    ONBOOT=yes\r\n    USERCTL=no\r\n    TYPE=Ethernet\r\n\r\n\r\n<!--more-->\r\n\r\n\r\neth1,2...\u914d\u7f6e```cat ifcfg-eth0```\r\n\r\n    DEVICE=eth0\r\n    BOOTPROTO=none\r\n    ONBOOT=yes\r\n    USERCTL=no\r\n    MASTER=bond0\r\n    SLAVE=yes\r\n### \u914d\u7f6e\u6587\u4ef6\u5f00\u673a\u542f\u7528bond0\r\nvim ```/etc/modprobe.d/openfwwf.conf```\r\n\r\n    alias bond0 bonding\r\n    options bond0 miimon=1000 mode=0\r\n### \u547d\u4ee4\u65b9\u5f0f\u542f\u7528bond0\u6a21\u5757\r\n\r\n    insmod /lib/modules/`uname -r`/kernel/drivers/net/bonding/bonding.ko miimon=1000 mode=0\r\n\r\n\r\n## \u5176\u4ed6\u914d\u7f6e\r\n### \u5220\u9664\u6a21\u5757\u547d\u4ee4\r\n    rmmod /lib/modules/`uname -r`/kernel/drivers/net/bonding/bonding.ko miimon=1000 mode=0\r\n### license\u539f\u56e0bond\u6307\u5b9a\u914d\u7f6e\u6587\u4ef6mac\u5730\u5740```MACADDR=mac\u5730\u5740``` \r\n\r\n\r\n## \u67e5\u770b\u72b6\u6001\r\n>cat /proc/net/bonding/bond*  \r\n#\u67e5\u770bbond\u72b6\u6001\r\nethtool  bond0| grep -i speed\r\n#\u67e5\u770b\u7f51\u5361\u901f\u7387\u5982\uff1aSpeed: 2000Mb/s\r\ndisplay link-aggregation verbose  | include   /0/2\r\n#Status\u72b6\u6001\u4e3a \u2018S\u2019\r\n\r\n## \u914d\u7f6e\u811a\u672c.py\r\n```python\r\n#!/usr/bin/env python\r\n# -*- coding: utf-8 -*-\r\n# --------------------------------------------------\r\n#Author:        Lghost\r\n#Email:         admin@attacker.club\r\n#Site:           attacker.club\r\n# --------------------------------------------------\r\nimport  sys,os,re\r\nip = \"192.168.16.25\"\r\nnetmask = \"255.255.254.0\"\r\ngateway = \"192.168.16.1\"\r\nbond = \"0\"\r\ndef warn (Text):\r\n    print \">>>>>\\t\\033[1;31m%s\\033[0m\\t<<<<<\" % Text\r\ndef info (Text):\r\n    print \">>>>>\\t\\033[1;33m%s\\033[0m\\t<<<<<\" % Text\r\n#\u63d0\u793a\r\ndef shell(cmd):\r\n    os.system(cmd)\r\ndef shellinfo(cmd):\r\n    r=os.popen(cmd)\r\n    text=r.read()\r\n    r.close()\r\n    return text\r\n#shell\r\ndef file(path,method,content):\r\n    f=open(path,method)\r\n    f.write(content)\r\n    f.close()\r\n#file\r\nif __name__ == \"__main__\":\r\n    ethx_info = shellinfo(\"ip add |grep ^2|awk '{print $2}'\")\r\n    eth0 = (re.match('\\w+\\d',ethx_info).group())\r\n    ethx_info = shellinfo(\"ip add |grep ^3|awk '{print $2}'\")\r\n    eth1 = (re.match('\\w+\\d',ethx_info).group())\r\n    file('/etc/sysconfig/network-scripts/ifcfg-%s' % eth0,'w',\r\n     '''DEVICE=%s\r\n     BOOTPROTO=none\r\n     ONBOOT=yes\r\n     USERCTL=no\r\n     MASTER=bond0\r\n     SLAVE=yes\r\n     ''' % (eth0))\r\n    file('/etc/sysconfig/network-scripts/ifcfg-%s' % eth1,'w',\r\n     '''DEVICE=%s\r\n     BOOTPROTO=none\r\n     ONBOOT=yes\r\n     USERCTL=no\r\n     MASTER=bond0\r\n     SLAVE=yes\r\n     ''' % (eth1))\r\n    file('/etc/sysconfig/network-scripts/ifcfg-bond0','w',\r\n     '''DEVICE=bond0\r\n     BOOTPROTO=static\r\n     IPADDR=%s\r\n     NETMASK=%s\r\n     GATEWAY=%s\r\n     ONBOOT=yes\r\n     USERCTL=no\r\n     TYPE=Ethernet\r\n     ''' % (ip,netmask,gateway))\r\n    file('/etc/modprobe.d/bond.conf','w',\r\n     '''\r\n     alias bond bonding\r\n     options bond0 miimon=1000 mode=%s\r\n     '''% (bond)\r\n    info('\u914d\u7f6e\u6587\u4ef6\u4fee\u6539\u5b8c\u6bd5')\r\n    info('\u672c\u673a\u5730\u5740\uff1a%s' % ip)\r\n    warn('\u91cd\u542f\u7f51\u5361\u4e2d\u3002\u3002\u3002')\r\n    shell( 'service network restart')\r\n```\r\n\t\t\r\n![](https://oscimg.oschina.net/oscnet/e6c89c150802caa12686c9394ed6447c668.jpg)", "digest": ">\u914d\u7f6ebond0\u4e0a\u8054\u7f51\u7edc\u8bbe\u5907\u4e5f\u9700\u8981\u505a\u6346\u7ed1\uff0c\u5982\u679c\u662f\u5197\u4f59\u7684bond\u5219\u4e0a\u8054\u4e0d\u7528\u914d\u7f6e\r\n## H3Cs5560\u4ea4\u6362\u673a\r\n\r\n```shell\r\ninterface Br", "publish": "2019-02-13T12:08:00", "mod_date": "2019-02-19", "category": 14, "view": 19, "author": "lghost", "picture": null, "tags": [5, 6, 7]}}, {"model": "blog.article", "pk": 2, "fields": {"title": "vpn\uff08pptp,openvpn\uff09\u4e0e \u4e0a\u7f51\u4ee3\u7406(socks5) \u670d\u52a1\u90e8\u7f72", "body": "## pptpd\u670d\u52a1\r\n**pptpd \u4e00\u952eshell**\r\nbash  pptp.sh # \u542f\u7528iptables-server \u7981\u7528firewalld\r\n```\r\n#/bin/bash\r\n#Author:  LGhost\r\n#Email:   admin@attacker.club\r\n#Site:    ops.attacker.club\r\n\r\n\r\n#wan=$(route |grep default|awk '{print $8}')\r\n#\u51fa\u63a5\u53e3\r\n\r\nif [ ! -f /etc/sysconfig/iptables  ];then\r\n        echo -e \"\\n\\t\\t\\t\\t\\033[41;33m \u5b89\u88c5\u5931\u8d25\uff01\u8bf7\u5148\u5b89\u88c5iptables-services  \\033[0m\\n\"\r\n        exit 1;\r\nfi\r\n\r\n###\u9632\u706b\u5899\u7b56\u7565###\r\niptables -I POSTROUTING -t nat -s 10.88.88.0/24  -j MASQUERADE\r\niptables -I FORWARD -s 10.88.88.0/24 -p tcp -m tcp --tcp-flags SYN,RST SYN -j TCPMSS --set-mss 1360\r\n#NAT\u8def\u7531\u3001\u51fa\u63a5\u53e3\u8fdb\u884cMASQUERADE\u6b3a\u9a97;\u8bbe\u7f6e\u5206\u6bb5\u6570\u636e\u5927\u5c0f\r\niptables -I INPUT -p tcp --dport 1723 -j ACCEPT\r\n#PPTPD\u7aef\u53e3\u653e\u884c\r\niptables -I INPUT -p gre  -j ACCEPT\r\n#GRE\u7aef\u53e3\u6253\u5f00\r\n\r\necho 1 > /proc/sys/net/ipv4/ip_forward\r\ngrep  ip_forward  /etc/sysctl.conf &>/dev/null || echo 'net.ipv4.ip_forward = 1' >> /etc/sysctl.conf\r\n#\u5f00\u542fNAT\u8f6c\u53d1\r\niptables-save &>/dev/null\r\nservice iptables save &>/dev/null\r\n#\u4fdd\u5b58iptable\u9632\u706b\u5899\u914d\u7f6e\u5230\u672c\u5730\r\n\r\n###\u5b89\u88c5pptpd\u670d\u52a1###\r\nyum remove dkms  ppp  pptpd -y\r\nyum install  dkms ppp  pptpd -y\r\n#\u5378\u8f7d\u548c\u5b89\u88c5pptd\u670d\u52a1\r\n\r\necho localip 10.88.88.1 >>/etc/pptpd.conf\r\necho remoteip 10.88.88.2-80 >>/etc/pptpd.conf\r\n#\u62e8\u53f7\u5730\u5740\u6c60\r\n\r\ncat  >> /etc/ppp/options.pptpd <<EOF\r\ncat  >> /etc/ppp/options.pptpd <<EOF\r\nauth\r\ndebug\r\nidle 2592000\r\n#72\u4e2a\u5c0f\u65f6\u7a7a\u95f2\u65ad\u5f00\r\n\r\nms-dns 8.8.8.8\r\nms-dns 233.5.5.5\r\n\r\nEOF\r\ngrep admin /etc/ppp/chap-secrets || echo -e 'admin pptpd vpnpass *' >> /etc/ppp/chap-secrets\r\n#\u6dfb\u52a0\u8d26\u53f7\u5bc6\u7801\r\n\r\nsystemctl restart pptpd\r\n#\u542f\u52a8pptpd\u670d\u52a1\r\necho -e \"\\n\\n\u8d26\u53f7\u914d\u7f6e\u6587\u4ef6:\"\r\nls /etc/ppp/chap-secrets\r\necho -e \"\\n\\033[41;33m \u8d26\u53f7\u5bc6\u7801: \\033[0m\\n\"\r\nawk  'NR>2 {print $1,$3}' /etc/ppp/chap-secrets\r\n#\u8d26\u53f7\u6587\u4ef6\r\n```\r\n**last \u67e5\u770b vpn \u5728\u7ebf\u7528\u6237**\r\n```\r\nlast | grep still | grep ppp\r\nlj      ppp0         60.186.163.55    Sun Nov  1 22:10   still logged in   \r\nusera   ppp1         36.23.2.172     Sun Nov  1 22:05   still logged in \r\n```\r\n**\u65e5\u5fd7\u8f93\u51fa**\r\n`tail -30 /var/log/messages`\r\n**Windows vpn\u865a\u63a5\u53e3mtu**\r\n`netsh interface ipv4 show interfaces`\r\n\r\n**Linux pptp\u5ba2\u6237\u7aef**\r\n```\r\nyum install pptp-* -y\r\n\r\npptpsetup --create vpn --server attacker.club --username admin --password xxxx --encrypt --start\r\n\r\nroute add -net 0.0.0.0 dev ppp0\r\n```\r\n## socks5\r\n**ss5\u4e00\u952eshell**\r\n```shell\r\n#!/bin/bash\r\n#Author:  LGhost\r\n#Email:   admin@attacker.club\r\n#Site:    attacker.club\r\n\r\nyum -y install pam pam-devel openldap-devel\r\n\r\nwget http://superb-dca2.dl.sourceforge.net/project/ss5/ss5/3.8.9-8/ss5-3.8.9-8.tar.gz\r\ntar zxf ss5-3.8.9-8.tar.gz\r\ncd ss5-3.8.9\r\n./configure --prefix=/usr/local/ss5\r\nmake &&make install\r\nchmod +x /etc/init.d/ss5\r\n\r\ncat >/etc/opt/ss5/ss5.conf <<EOF\r\nauth 0.0.0.0/0 - -\r\npermit - 0.0.0.0/0 - 0.0.0.0/0 - - - - -\r\nEOF\r\ngrep 10800  /etc/sysconfig/ss5 ||cat >> /etc/sysconfig/ss5<<EOF\r\nSS5_OPTS=\" -u root -b 0.0.0.0:10800\"\r\n#\u4fee\u6539\u9ed8\u8ba4\u7aef\u53e3\r\nEOF\r\n\r\n/etc/init.d/ss5  restart\r\n```\r\n**socks\u5ba2\u6237\u7aef\u8fde\u63a5\u65b9\u5f0f**\r\n360\u6781\u901f\u6d4f\u89c8\u5668\u4ee3\u7406;ie\u9009\u9879 ->\u8fde\u63a5->\u5c40\u57df\u7f51->\u9ad8\u7ea7-socks;Proxifier", "digest": "## pptpd\u670d\u52a1\r\n**pptpd \u4e00\u952eshell**\r\nbash  pptp.sh # \u542f\u7528iptables-server \u7981\u7528firewalld\r\n``", "publish": "2019-02-13T13:32:00", "mod_date": "2019-02-19", "category": 13, "view": 609, "author": "lghost", "picture": null, "tags": [8]}}, {"model": "blog.article", "pk": 3, "fields": {"title": "nginx\u81ea\u7b7eSSL\u8bc1\u4e66\u548cSymantec\u7b7e\u53d1\u8bc1\u4e66\u4f7f\u7528", "body": "## \u81ea\u7b7e\u8bc1\u4e66\r\n### \u751f\u6210\u8bc1\u4e66\r\n```shell\r\nmkdir /usr/local/nginx/conf/ssl\r\ncd !$\r\n# \u65b0\u5efa\u76ee\u5f55\r\n\r\nopenssl genrsa -des3 -out tmp.key 1024\r\n#  \u8f93\u5165\u5bc6\u7801\u540e\uff0c\u518d\u6b21\u91cd\u590d\u8f93\u5165\u786e\u8ba4\u5bc6\u7801\r\nopenssl rsa -in tmp.key -out example.com.key\r\n# \u8f6c\u6362key,\u53d6\u6d88\u5bc6\u7801\r\n```\r\n```\r\nopenssl req -new -key example.com.key -out example.com.csr\r\n# \u521b\u5efacsr\u8bc1\u4e66\r\n```\r\n![](https://oscimg.oschina.net/oscnet/491a2d903b0d0cb0e7a43459394b3736000.jpg)\r\n\r\n```\r\nopenssl x509 -req -days 365 -in example.com.csr -signkey example.com.key -out example.com.pem\r\n# \u521b\u5efapem\u6587\u4ef6\r\n```\r\n\r\n### nginx\u914d\u7f6e\r\n```nginx\r\n    listen 443 ssl;\r\n    server_name api.example.com;\r\n    # TLS \u914d\u7f6e\r\n    ssl_certificate   /usr/local/nginx/conf/ssl/example.com.pem;\r\n    ssl_certificate_key /usr/local/nginx/conf/ssl/example.com.key;\r\n    ssl_session_cache    shared:SSL:10m;\r\n    ssl_session_timeout  5m;\r\n    ssl_ciphers          HIGH:!aNULL:!MD5;\r\n    ssl_protocols        TLSv1.1 TLSv1.2;\r\n```\r\n```\r\n    # http2\r\n    listen       443 ssl http2;\r\n    ssl_certificate     /usr/local/nginx/conf/ssl/example.com.pem;\r\n    ssl_certificate_key /usr/local/nginx/conf/ssl/example.com.key;\r\n```\r\n![](https://oscimg.oschina.net/oscnet/ee20e56ae5985ea02a06bb94a366f972512.jpg)\r\n\r\n## \u963f\u91cc\u4e91\u7b7e\u53d1Symantec ssl\u8bc1\u4e66\r\n\r\n### \u7533\u9886\r\n\u963f\u91cc\u4e91 -ssl\u8bc1\u4e66- \u4e2a\u4eba\u514d\u8d39\u57df\u540d\r\n\r\n### nginx \u914d\u7f6e\r\n```shell\r\ncd /usr/local/nginx/conf/cert\r\nunzip 1812709_attacker.club_nginx.zip\r\n```\r\nvi /usr/local/nginx/conf/vhosts/attacker.conf\r\n```nginx\r\nserver {\r\n    server_name www.attacker.club attacker.club;\r\n\r\n    location /getip {\r\n    default_type application/json;\r\n    return 200 '{\"date\":\"$time_local\",\"ip\":\"$remote_addr\",\"type\":\"nginx json\"}';\r\n\t# \u8fd4\u56de\u5ba2\u6237\u7aefip\u5730\u5740\uff1b\u5982:attacker.club/getip\r\n}\r\n    rewrite ^(.*)/$  https://attacker.club permanent;\r\n\t# \u91cd\u5b9a\u5411\u5230https\r\n}\r\n\r\nserver {\r\n    server_name attacker.club;\r\n    root /www/django_xxx;\r\n\r\n\r\n # http2\r\n    listen       443 ssl http2;\r\n    ssl_certificate      /usr/local/nginx/conf/cert/1812709_attacker.club.pem;\r\n    ssl_certificate_key  /usr/local/nginx/conf/cert/1812709_attacker.club.key;\r\n\r\n\r\n    location /static {\r\n        expires 6;\r\n\t\t#\u672c\u5730\u6d4f\u89c8\u5668\u7f13\u5b58\r\n    }\r\n\r\n\r\n     location  /robots.txt {\r\n     alias  /www/robots.txt;\r\n\t # \u5b9a\u4e49\u722c\u866b\r\n}\r\n\r\n     # Dynamic content\r\n     location / {\r\n     proxy_pass http://127.0.0.1:9001;\r\n    # proxy_redirect off;\r\n     proxy_set_header Host $host;\r\n     proxy_set_header   X-Real-IP        $remote_addr;\r\n     proxy_set_header   X-Forwarded-For  $proxy_add_x_forwarded_for;\r\n     proxy_next_upstream error timeout invalid_header http_500 http_502 http_503 http_504;\r\n    }\r\n\r\n     access_log  /usr/local/nginx/logs/attacker.log; #\u6307\u5b9a\u65e5\u5fd7\r\n}\r\n\r\n```", "digest": "## \u81ea\u7b7e\u8bc1\u4e66\r\n### \u751f\u6210\u8bc1\u4e66\r\n```shell\r\nmkdir /usr/local/nginx/conf/ssl\r\ncd !$\r\n# \u65b0\u5efa\u76ee\u5f55\r\n\r\no", "publish": "2019-02-14T12:11:00", "mod_date": "2019-02-19", "category": 9, "view": 15, "author": "lghost", "picture": null, "tags": [1, 9]}}, {"model": "blog.article", "pk": 4, "fields": {"title": "zabbix \u7aef\u53e3\u81ea\u52a8\u53d1\u73b0py\u811a\u672c", "body": "\u6bd4\u8f83\u5b9e\u7528\u9488\u5bf9\u57fa\u7840\u670d\u52a1\u8fd0\u884c\u72b6\u6001\u68c0\u6d4b\uff0c\u81ea\u52a8\u7aef\u53e3\u53d1\u73b0\u52a0\u5165\u76d1\u63a7\u4e0e\u544a\u8b66\uff0c\u7a0d\u4f5c\u4fee\u6539\r\n\r\n\r\n### \u811a\u672c\r\npython port_discover.py\r\n\r\n```python\r\n#!/usr/bin/python\r\n# -*- coding: utf-8 -*-\r\n\r\n# \u4f7f\u7528python2 commands\u6a21\u5757\r\n\r\nimport re\r\nimport commands\r\nimport json\r\n\r\nDROP_LIST = ['22','25','111']\r\n# \u6392\u9664\u7aef\u53e3\r\n\r\ndef filterList():\r\n    DROP_str = \"|\".join(DROP_LIST)\r\n    CMD=\"sudo netstat -pntl | awk '{print $4,$7}'|grep  [0-9] |egrep -vw '%s'\" % (DROP_str)\r\n    Result_Str = commands.getoutput(CMD)\r\n    #print (Result_Str)\r\n    tmp_list = Result_Str.split(\"\\n\") #\u6bcf\u884c\u52a0\u5165\u5217\u8868\r\n    new_dict = {}\r\n    for line in tmp_list:\r\n       # print (line)\r\n       PORT_REG = re.search(r\"(127.0.0.1:|:::|0.0.0.0:)(\\d+).+\\d+/(\\S+)\",line)\r\n       if PORT_REG is not None:\r\n           match_line =  (PORT_REG.groups())\r\n           new_dict[ match_line[-1]]  =  match_line[-2]\r\n    return new_dict\r\n\r\nif __name__ == \"__main__\":\r\n    Results = filterList()\r\n\r\n    #\u683c\u5f0f\u5316\u6210\u9002\u5408zabbix lld\u7684json\u6570\u636e\r\n    ports = []\r\n    for key  in  Results:\r\n        ports += [{'{#PNAME}':key,'{#PPORT}':Results[key]}]\r\n    print json.dumps({'data':ports},sort_keys=True,indent=4,separators=(',',':'))\r\n```\r\n\r\n### \u8fd4\u56dezabbix\u6570\u636e\u683c\u5f0f\r\n```\r\n{\r\n    \"data\":[\r\n        {\r\n            \"{#PNAME}\":\"zabbix_proxy\",\r\n            \"{#PPORT}\":\"10051\"\r\n        },\r\n        {\r\n            \"{#PNAME}\":\"mysqld\",\r\n            \"{#PPORT}\":\"3306\"\r\n        }\r\n    ]\r\n}\r\n```\r\n\r\n![](https://oscimg.oschina.net/oscnet/caf4f2c02310a617c52ae394e9964596f0e.jpg)", "digest": "\u6bd4\u8f83\u5b9e\u7528\u9488\u5bf9\u57fa\u7840\u670d\u52a1\u8fd0\u884c\u72b6\u6001\u68c0\u6d4b\uff0c\u81ea\u52a8\u7aef\u53e3\u53d1\u73b0\u52a0\u5165\u76d1\u63a7\u4e0e\u544a\u8b66\uff0c\u7a0d\u4f5c\u4fee\u6539\r\n\r\n\r\n### \u811a\u672c\r\npython port_discover.py\r\n\r\n```p", "publish": "2019-02-14T12:13:00", "mod_date": "2019-02-14", "category": 3, "view": 17, "author": "lghost", "picture": null, "tags": [10]}}, {"model": "blog.article", "pk": 5, "fields": {"title": "nginx lua\u8f6fwaf\u5e94\u7528\u9632\u706b\u5899 \uff08Openresty\uff09", "body": "\u73b0\u5728\u4f01\u4e1a\u7684\u4e1a\u52a1\u51fa\u53e3\u57fa\u672c\u662fhttp/https\u5176\u4ed6\u5185\u90e8\u7aef\u53e3\u90fd\u53ef\u4ee5\u5728\u8bbe\u5907acl\u548ciptables\u8bbf\u95ee\u63a7\u5236\uff1b\u90a3\u4e3b\u8981\u7684web\u51fa\u53e3\u5982\u4f55\u505a\u5b89\u5168\u9632\u62a4\uff1f\uff1f\r\n\u6211\u4eec\u4f7f\u7528nginx lua \u6765\u5b9e\u73b0web\u8f6fwaf\u3002\r\n\r\n\r\n\r\n## nginx waf\u9632\u62a4\u987a\u5e8f\uff1a\r\n\u5148\u68c0\u67e5\u767d\u540d\u5355\uff0c\u901a\u8fc7\u5373\u4e0d\u68c0\u6d4b\uff1b\u518d\u68c0\u67e5\u9ed1\u540d\u5355\uff0c\u4e0d\u901a\u8fc7\u5373\u62d2\u7edd\uff0c\u68c0\u67e5UA\uff0cUA\u4e0d\u901a\u8fc7\u5373\u62d2\u7edd\uff1b\u68c0\u67e5cookie\uff1bURL\u68c0\u67e5;URL\u53c2\u6570\u68c0\u67e5\uff0cpost\u68c0\u67e5\uff1b\r\n\r\n## nginx \u914d\u7f6e\r\n```\r\nhttp {\r\n    # lua_waf\r\n    lua_shared_dict limit 50m;\r\n    #\u6839\u636e\u4e3b\u673a\u5185\u5b58\u8c03\u5408\u9002\u7684\u503c  \r\n    lua_shared_dict iplimit 20m;\r\n    lua_shared_dict blockiplimit 5m;\r\n\r\n    lua_package_path \"/usr/local/nginx/conf/waf/?.lua\";\r\n    init_by_lua_file  /usr/local/nginx/conf/waf/init.lua;\r\n    access_by_lua_file /usr/local/nginx/conf/waf/access.lua;\r\n}\r\n```\r\n## \u542f\u7528waf\r\ncat /local/nginx/conf/waf/config.lua\r\n```\r\nconfig_waf_enable = \"on\"\r\n```\r\nnginx -s reload #\u8f7d\u5165\r\n\r\n## elk\u6548\u679c\u56fe\r\n![](https://oscimg.oschina.net/oscnet/5913b40dfab3e53bdc5f771489d3f735bac.jpg)\r\n![](https://oscimg.oschina.net/oscnet/f8397f9a85a39a7691d79a477e7580fe3cd.jpg)\r\n\r\n\r\n\u5206\u4eab\u6d9b\u54e5\u4fee\u6539\u7684lua,\u5e2e\u5fd9star \u54c8\u54c8~:\r\n[https://github.com/richardzgt/litewaf](https://github.com/richardzgt/litewaf \"https://github.com/richardzgt/litewaf\")\r\n\r\n\u53c2\u8003\uff1a\r\nhttps://www.cnblogs.com/reblue520/p/6814072.html", "digest": "\u73b0\u5728\u4f01\u4e1a\u7684\u4e1a\u52a1\u51fa\u53e3\u57fa\u672c\u662fhttp/https\u5176\u4ed6\u5185\u90e8\u7aef\u53e3\u90fd\u53ef\u4ee5\u5728\u8bbe\u5907acl\u548ciptables\u8bbf\u95ee\u63a7\u5236\uff1b\u90a3\u4e3b\u8981\u7684web\u51fa\u53e3\u5982\u4f55\u505a\u5b89\u5168\u9632\u62a4\uff1f\uff1f\r\n\u6211\u4eec\u4f7f\u7528nginx", "publish": "2018-09-28T13:13:00", "mod_date": "2019-02-15", "category": 4, "view": 15, "author": "lghost", "picture": null, "tags": [14]}}, {"model": "blog.article", "pk": 6, "fields": {"title": "Elasticsearch +logstash +filebeat+redis+saltstack\u90e8\u7f72\u65e5\u5fd7\u5e73\u53f0", "body": "ELK\u662f\u4e09\u4e2a\u5f00\u6e90\u8f6f\u4ef6\u7684\u7f29\u5199\uff0c\u5206\u522b\u8868\u793a\uff1aElasticsearch , Logstash, Kibana , \u5b83\u4eec\u90fd\u662f\u5f00\u6e90\u8f6f\u4ef6\u3002\u65b0\u589e\u4e86\u4e00\u4e2aFileBeat\uff0c\u5b83\u662f\u4e00\u4e2a\u8f7b\u91cf\u7ea7\u7684\u65e5\u5fd7\u6536\u96c6\u5904\u7406\u5de5\u5177(Agent)\uff0cFilebeat\u5360\u7528\u8d44\u6e90\u5c11\uff0c\u9002\u5408\u4e8e\u5728\u5404\u4e2a\u670d\u52a1\u5668\u4e0a\u641c\u96c6\u65e5\u5fd7\u540e\u4f20\u8f93\u7ed9Logstash\uff0c\u5b98\u65b9\u4e5f\u63a8\u8350\u6b64\u5de5\u5177\u3002\r\n\r\nElasticsearch\u662f\u4e2a\u5f00\u6e90\u5206\u5e03\u5f0f\u641c\u7d22\u5f15\u64ce\uff0c\u63d0\u4f9b\u641c\u96c6\u3001\u5206\u6790\u3001\u5b58\u50a8\u6570\u636e\u4e09\u5927\u529f\u80fd\u3002\u5b83\u7684\u7279\u70b9\u6709\uff1a\u5206\u5e03\u5f0f\uff0c\u96f6\u914d\u7f6e\uff0c\u81ea\u52a8\u53d1\u73b0\uff0c\u7d22\u5f15\u81ea\u52a8\u5206\u7247\uff0c\u7d22\u5f15\u526f\u672c\u673a\u5236\uff0crestful\u98ce\u683c\u63a5\u53e3\uff0c\u591a\u6570\u636e\u6e90\uff0c\u81ea\u52a8\u641c\u7d22\u8d1f\u8f7d\u7b49\u3002\r\n\r\nLogstash \u4e3b\u8981\u662f\u7528\u6765\u65e5\u5fd7\u7684\u641c\u96c6\u3001\u5206\u6790\u3001\u8fc7\u6ee4\u65e5\u5fd7\u7684\u5de5\u5177\uff0c\u652f\u6301\u5927\u91cf\u7684\u6570\u636e\u83b7\u53d6\u65b9\u5f0f\u3002\u4e00\u822c\u5de5\u4f5c\u65b9\u5f0f\u4e3ac/s\u67b6\u6784\uff0cclient\u7aef\u5b89\u88c5\u5728\u9700\u8981\u6536\u96c6\u65e5\u5fd7\u7684\u4e3b\u673a\u4e0a\uff0cserver\u7aef\u8d1f\u8d23\u5c06\u6536\u5230\u7684\u5404\u8282\u70b9\u65e5\u5fd7\u8fdb\u884c\u8fc7\u6ee4\u3001\u4fee\u6539\u7b49\u64cd\u4f5c\u5728\u4e00\u5e76\u53d1\u5f80elasticsearch\u4e0a\u53bb\u3002\r\n\r\nKibana \u4e5f\u662f\u4e00\u4e2a\u5f00\u6e90\u548c\u514d\u8d39\u7684\u5de5\u5177\uff0cKibana\u53ef\u4ee5\u4e3a Logstash \u548c ElasticSearch \u63d0\u4f9b\u7684\u65e5\u5fd7\u5206\u6790\u53cb\u597d\u7684 Web \u754c\u9762\uff0c\u53ef\u4ee5\u5e2e\u52a9\u6c47\u603b\u3001\u5206\u6790\u548c\u641c\u7d22\u91cd\u8981\u6570\u636e\u65e5\u5fd7\u3002\r\n\r\nFilebeat\u96b6\u5c5e\u4e8eBeats\u3002\u76ee\u524dBeats\u5305\u542b\u56db\u79cd\u5de5\u5177\uff1a\r\n\r\nPacketbeat\uff08\u641c\u96c6\u7f51\u7edc\u6d41\u91cf\u6570\u636e\uff09\r\nTopbeat\uff08\u641c\u96c6\u7cfb\u7edf\u3001\u8fdb\u7a0b\u548c\u6587\u4ef6\u7cfb\u7edf\u7ea7\u522b\u7684 CPU \u548c\u5185\u5b58\u4f7f\u7528\u60c5\u51b5\u7b49\u6570\u636e\uff09\r\nFilebeat\uff08\u641c\u96c6\u6587\u4ef6\u6570\u636e\uff09\r\nWinlogbeat\uff08\u641c\u96c6 Windows \u4e8b\u4ef6\u65e5\u5fd7\u6570\u636e\uff09\r\n\r\n![](https://oscimg.oschina.net/oscnet/d4698b272c59781b030829fe7bd9d0474f3.jpg)\r\n>\u901a\u8fc7filebeat\u91c7\u96c6\u65e5\u5fd7\u5230 `redis`;\u901a\u8fc7logstash\u62bd\u53d6redis\u65e5\u5fd7\u5230es\r\n\r\n## \u73af\u5883\u8981\u6c42\r\n```\r\n\u4e3b\u673a es-1\uff1a  kinbana-1 \uff0chead-1\uff0celasticsearch-1\r\n\u4e3b\u673a es-2\uff1a  elasticsearch-2\r\n\u4e3b\u673a es-3\uff1aelasticsearch-3,logstash-3\r\n\u4e3b\u673a redis-1\uff1aredis-server-1\r\n\r\n\u5ba2\u6237\u7aef\uff1a filebeat\r\n```\r\n\r\n##  \u90e8\u7f72\u914d\u7f6e\r\n\u5b98\u65b9yum\u5305\u90e8\u7f72:\r\nhttps://www.elastic.co/downloads\r\n\r\n### \u5b89\u88c5java\r\n```\r\nsalt  \"*es*\" state.sls  saltenv='prod'  jdk.jdk8\r\n```\r\n\r\n### elasticsearch \uff082\u4e2amaster3\u4e2adata\uff09\r\n```\r\nsalt \"*es*\" state.sls  saltenv='prod'  elk.elasticsearch.install\r\n```\r\n/etc/elasticsearch/elasticsearch.yml\r\n```\r\nnode.name: es-1  #\u672c\u673a\u540d\u79f0,\u96c6\u7fa4\u5185\u4e0d\u53ef\u91cd\u590d\r\ncluster.name: es-cluster #\u5b9a\u4e49\u96c6\u7fa4\u540d\u79f0\r\n...\r\nnode.master: true #\u5b9a\u4e49\u662f\u5426\u53c2\u4e0emaster\u9009\u4e3e\r\nnode.data: true  #\u5b9a\u4e49\u662f\u5426\u4e3a data node\r\n```\r\n```\r\nsystemctl enable  elasticsearch && systemctl start  elasticsearch\r\n# \u542f\u52a8\u670d\u52a1\r\ncurl -XGET 'http://127.0.0.1:9200/_cat/nodes'\r\n# \u67e5\u770b\u72b6\u6001\uff1b* es-1 \u5df2\u7ecf\u63a8\u9009master\r\n```\r\n###  \u5b89\u88c5redis \u6536\u96c6\u65e5\u5fd7\r\n```\r\nyum install reids\r\n```\r\n###  filebeat\u91c7\u96c6\u65e5\u5fd7\r\n```\r\nsalt \"*web*\" state.sls  saltenv='prod'  elk.filebeat.install\r\n```\r\n\r\n###  logstash \u5c06\u6570\u636e\u4ecebroker\u91cc\u9762\u62bd\u5230es\u96c6\u7fa4\r\n```\r\nsalt \"*es*\" state.sls  saltenv='prod'  elk.logstash.install\r\n```\r\n### logstash\u8c03\u8bd5\r\nnginx-indexer.conf\r\n```\r\noutput {\r\n  stdout { codec => rubydebug }    #\u5148\u8f93\u51fa\u6d4b\u8bd5\u4e00\u4e0b\u770b\u770b\u683c\u5f0f\r\n}\r\n```\r\n\u8c03\u8bd5\u914d\u7f6e\r\n```\r\n/usr/share/logstash/bin/logstash -f /etc/logstash/conf.d/nginx-indexer.conf  -t |grep -i error\r\n```\r\n\r\n\r\n\r\n/etc/kibana/kibana.yml\r\n```\r\ntilemap.url: 'http://webrd02.is.autonavi.com/appmaptile?lang=zh_cn&size=1&scale=1&style=7&x={x}&y={y}&z={z}'\r\n#\u4e2d\u6587\u5730\u56fe\r\n```\r\n### kibana\u5b89\u88c5\r\nkibana \u9ed8\u8ba4\u6ca1\u6709\u767b\u5f55\u8bbe\u7f6e\uff0c\u53efyum\u88c5httpd-tools\u8bbe\u7f6eApache\u5bc6\u7801\u8ba4\u8bc1\r\n```\r\nsalt \"*es*\" state.sls  saltenv='prod'  elk.kibana.install\r\n```\r\n\r\n\r\n## head\u63d2\u4ef6\u67e5\u770b\u96c6\u7fa4\u5206\u7247\r\nvi Gruntfile.js\r\n```\r\n server: {\r\n                                options: {\r\n                                        hostname:'172.16.140.XX',\r\n                                        port: 9100,\r\n                                        base: '.',\r\n                                        keepalive: true\r\n                                }\r\n```\r\n[Head\u63d2\u4ef6](https://github.com/mobz/elasticsearch-head \"Head\u63d2\u4ef6\")\r\n\u5b89\u88c5 nvm -> node\r\nnvm install   v8.12\r\nnpm install -g express\r\ngit clone git://github.com/mobz/elasticsearch-head.git\r\ncd elasticsearch-head\r\nnpm install\r\nnpm install grunt --save\r\nnpm run start\r\n```\r\ngrunt server & #\u540e\u53f0\u8fd0\u884c\r\n```\r\n\r\n\r\n## web\u5c55\u793a\u754c\u9762\r\n###  \u521b\u5efa\u7d22\u5f15\r\n**Management - Index Patterns**\r\n\r\n![](https://oscimg.oschina.net/oscnet/d8250be026b19bdbeac6f96bd0d578fb700.jpg)\r\n\r\n![](https://oscimg.oschina.net/oscnet/066b12abf8dbdf0f87127efc47d99b01a61.jpg)\r\n\r\n### \u7ed8\u56fe\u5f62\r\nPV,UV\r\n![](https://oscimg.oschina.net/oscnet/a7ee3f475efc4ed78affa17489987e2db5a.jpg)\r\n![](https://oscimg.oschina.net/oscnet/c7ce02cfae1d2700cde8ed88bea0a0e1f29.jpg)\r\n\u8d70\u52bf\u56fe\r\n![](https://oscimg.oschina.net/oscnet/bbfa3196d8b78285ea63ecebd53166f21c1.jpg)\r\n\u997c\u56fe\r\n![](https://oscimg.oschina.net/oscnet/c06d43bd29744f3a2780c15731cdcc47b22.jpg)\r\n\u70ed\u70b9url\r\n![](https://oscimg.oschina.net/oscnet/4600f6dd9bfd3aa23a73166a50c3cdf6fc4.jpg)\r\nIP\u8bbf\u95ee\u91cf\r\n![](https://oscimg.oschina.net/oscnet/03406baaf9a53fbb7541d715c25c0a5328e.jpg)\r\nIP\u6392\u884c\r\n![](https://oscimg.oschina.net/oscnet/13e70ad74e94e362d1d60281698ef07fe64.jpg)\r\n\u8bbf\u95ee\u8bb0\u5f55\r\n![](https://oscimg.oschina.net/oscnet/7ea48d0ec0a785a4ad507aaf7c0a0d7281e.jpg)\r\n\r\n\u5730\u56fe\r\n![](https://oscimg.oschina.net/oscnet/1e822bf9ec4a3b1260830e1074d019a407b.jpg)\r\n\u9ad8\u5fb7\u4e2d\u6587\u5730\u56fe\r\n```\r\n/usr/share/logstash/bin/logstash-plugin  install logstash-filter-geoip\r\n```\r\n\r\n\r\n## \u6548\u679c\u56fe\r\n\u8001\u7248\u672c\r\n![](https://oscimg.oschina.net/oscnet/f40b852abbdccf886c66ad8602301679e7f.jpg)\r\n\r\n\u5168\u7ad9\u5927\u5c4f\r\n![](https://oscimg.oschina.net/oscnet/b30cf662dd99179cbb138a684ee530d63d6.jpg)\r\n![](https://oscimg.oschina.net/oscnet/e62c11dc37ce838d54c42edbd65f043e4f7.jpg)\r\nopenresty \u8f6fwaf\r\n![](https://oscimg.oschina.net/oscnet/8e1f5eaf6864ff871ab9a96b8e2e7dee41c.jpg)\r\n\r\n\r\n\r\n### \u65e5\u5e38\u67e5\u8be2\r\n\u901a\u8fc7\u6536\u96c6\u7684\u65e5\u5fd7`\u5173\u952e\u5b57`\u641c\u7d22\uff1b\u4e5f\u53ef\u4ee5\u6839\u636e`\u53f3\u4e0a\u89d2`\u65f6\u95f4\u8f74\u8fc7\u6ee4\u8303\u56f4\r\n- Discover \u83dc\u5355\r\n\u641c\u7d22IP\uff1a http_x_forwarded_for : 122.224.xx.xx\r\n\u641c\u7d22IP\u548c\u57df\u540d\uff1a http_x_forwarded_for : 122.224.xx.xx AND server_name: dev.ops.com\r\n![](https://oscimg.oschina.net/oscnet/346079d04abef85cf591e1378a2c8fbef0e.jpg)\r\n\r\n\r\n- \u66f4\u591a\u67e5\u8be2\r\n```shell\r\nserver_name :  device*\r\n# \u7ec8\u7aef\u8bbe\u5907\r\ngeoip.city_name : haikou\r\n# \u57ce\u5e02\u67e5\u8be2\r\n```\r\n##  \u7ef4\u62a4\u7ba1\u7406\r\n\u72b6\u6001\r\n```shell\r\ncurl -XGET 'http://127.0.0.1:9200/_cat/nodes?v'\r\n# \u96c6\u7fa4\u8be6\u7ec6\u72b6\u6001\u663e\u793a\r\ncurl -XGET 'http://127.0.0.1:9200/_cluster/health?pretty'\r\n# \u96c6\u7fa4\u5065\u5eb7\u67e5\u770b\r\n```\r\n\u5b9a\u671f\u5220\u9664\u6570\u636e\r\n/opt/es_clean.sh\r\n\r\n```shell\r\n#!/bin/bash\r\nday3=`date +%Y.%m.%d -d \"30 days ago\"`\r\n#echo \"${day3}\"\r\n\r\ncurl -XDELETE \"172.16.1.xx:9200/logstash-nginx-access-${day3}\"\r\ncurl -XDELETE \"172.16.1.xx:9200/packetbeat-6.4.1-${day3}\"\r\ncurl -XDELETE \"172.16.1.xx:9200/tomcat-${day3}\"\r\n#\u6e05\u7406\u8bb0\u5f55\uff1b\u53ef elasticsearch-head\u67e5\u770b\u7d22\u5f15\u6570\u636e\r\n```\r\n\r\n###  salt\u7ba1\u7406\u547d\u4ee4\r\n```shell\r\nsalt -E \"web\"  service.stop filebeat\r\n# \u670d\u52a1\u5173\u95ed\r\n\r\n\r\n```", "digest": "ELK\u662f\u4e09\u4e2a\u5f00\u6e90\u8f6f\u4ef6\u7684\u7f29\u5199\uff0c\u5206\u522b\u8868\u793a\uff1aElasticsearch , Logstash, Kibana , \u5b83\u4eec\u90fd\u662f\u5f00\u6e90\u8f6f\u4ef6\u3002\u65b0\u589e\u4e86\u4e00\u4e2aFileBeat\uff0c\u5b83\u662f\u4e00", "publish": "2018-09-28T17:16:00", "mod_date": "2019-02-15", "category": 5, "view": 18, "author": "lghost", "picture": null, "tags": [3]}}, {"model": "blog.article", "pk": 7, "fields": {"title": "nginx \u6700\u5927\u8fde\u63a5\u538b\u6d4b\u548c\u8c03\u4f18", "body": "nginx\u662f\u975e\u5e38\u9ad8\u6027\u80fd\u7684web\u670d\u52a1\uff0c\u4ea4\u4ed8web\u670d\u52a1\u65f6\u6211\u975e\u5e38\u60f3\u77e5\u9053\u5b83\u7a76\u7adf\u80fd\u627f\u8f7d\u7684\u591a\u5c11\u5e76\u53d1\u91cf\uff1f\uff1f\u6211\u4eec\u77e5\u9053\u5f71\u54cd\u670d\u52a1\u6027\u80fd\u7684\u56e0\u7d20\u6709\u5f88\u591a\u5982\u51fa\u53e3\u5e26\u5bbd\u3001\u78c1\u76d8io\u3001\u5185\u5b58\u548ccpu\u8d44\u6e90\uff1bok \u4eca\u5929\u5c31\u6765\u6d4b\u8bd5\u4e00\u628a\u770b\u770b\u5982\u4f55\u5145\u5206\u4f7f\u7528nginx\u6027\u80fd\u3002\r\n\r\n```\r\n\u73af\u5883\uff1a\r\n\u4e3b\u673a\u8d44\u6e90:aliyun 2\u68384G\r\n\u64cd\u4f5c\u7cfb\u7edf: centos7\r\n\u7f51\u7edc\u73af\u5883: \u963f\u91cc\u4e91vpc\u5185\u7f51\r\nversion: openresty/1.13.6.2\r\n```\r\n\r\n\r\n\r\n## \u6d89\u53ca\u73af\u5883\u8c03\u4f18\r\n\u901a\u8fc7`ulimit`,`sysctl`\u547d\u4ee4\u68c0\u67e5\u7cfb\u7edf\u73af\u5883\u9650\u5236,\u4e0d\u5c55\u5f00\u8bf4\u660e\r\n\r\n\r\n## nginx \u914d\u7f6e\r\n```\r\ncat /proc/cpuinfo | grep processor\r\n# \u67e5\u770bcpu\u6838\u6570\r\n\r\n```\r\ncat /nginx.conf\r\n\r\n```\r\nworker_processes  2; #cpu\u6838\u6570\uff0c\u5efa\u8bae\u4e0d\u5927\u4e8e8\r\nevents {\r\n    worker_connections  10240;\r\n}\r\n\r\nserver {\r\nlisten 80 default_server;\r\ndefault_type application/json;\r\nserver_name _;\r\nreturn 200 '{\"date\":\"$time_local\",\"host\":\"web-test1\",\"result\":\"nginx json\"}';\r\naccess_log  /usr/local/nginx/logs/default.log;\r\n}\r\n\r\n```\r\n## \u538b\u6d4b\u8c03\u7528\r\n```\r\nwrk  -t2  -c40000 -d120s http://172.16.140.128\r\n# t\u591a\u5c11\u7ebf\u7a0b c\u8fde\u63a5\u6570 d\u538b\u6d4b\u65f6\u95f4;\u7ebf\u7a0b\u6570\u4e0d\u5b9c\u8fc7\u591a\uff0c\u6838\u6570\u76842-4\u500d\r\n```\r\n\r\n> \u6839\u636e\u7cfb\u7edf\u8d44\u6e90\u60c5\u51b5\u8c03\u6574`worker_connections `\u548c`worker_processes`\u6765\u9650\u5236nginx\u53ef\u7528\u5ba2\u6237\u7aef\u8fde\u63a5\u6570\uff1b\r\n\r\n![](https://oscimg.oschina.net/oscnet/274a915d15c73b1f26d84ddd2a02681a7d2.jpg)\r\n![](https://oscimg.oschina.net/oscnet/4dcbe649d0df6cdbd06f987162babeab61d.jpg)\r\n\r\n## \u6b63\u5e38web\u670d\u52a1\r\n\r\n\u5ba2\u6237\u7aef\u6700\u5927\u8fde\u63a5\u6570 = `worker_processes` * `worker_connections`\r\n\r\n\r\n## nginx\u53cd\u5411\u4ee3\u7406\r\n```\r\n#\u4f5c\u4e3a\u53cd\u5411\u4ee3\u7406\uff0c\u56e0\u4e3a\u6d4f\u89c8\u5668\u9ed8\u8ba4\u4f1a\u5f00\u542f2\u4e2a\u8fde\u63a5\u5230server\uff0c\u800c\u4e14Nginx\u8fd8\u4f1a\u4f7f\u7528fds\uff08file descriptor\uff09\u4ece\u540c\u4e00\u4e2a\u8fde\u63a5\u6c60\u5efa\u7acb\u8fde\u63a5\u5230upstream\u540e\u7aef\r\n\r\n   nginx\u4f5c\u4e3ahttp\u670d\u52a1\u5668\u7684\u65f6\u5019\uff1a\r\n    max_clients = worker_processes * worker_connections/2\r\n   nginx\u4f5c\u4e3a\u53cd\u5411\u4ee3\u7406\u670d\u52a1\u5668\u7684\u65f6\u5019\uff1a\r\n    max_clients = worker_processes * worker_connections/4\r\n\r\n\u6216\u8005\u4ece\u4e00\u822c\u5efa\u7acb\u8fde\u63a5\u7684\u89d2\u5ea6\uff1a\u5ba2\u6237\u5e76\u53d1\u8fde\u63a5\u4e3a1.\r\n\r\n   nginx\u4f5c\u4e3ahttp\u670d\u52a1\u5668\u7684\u65f6\u5019\uff1a\r\n    max_clients = worker_processes * worker_connections\r\n   nginx\u4f5c\u4e3a\u53cd\u5411\u4ee3\u7406\u670d\u52a1\u5668\u7684\u65f6\u5019\uff1a\r\n    max_clients = worker_processes * worker_connections/2\r\n```\r\n\r\n\u53c2\u8003\r\nhttp://blog.51cto.com/liuqunying/1420556", "digest": "nginx\u662f\u975e\u5e38\u9ad8\u6027\u80fd\u7684web\u670d\u52a1\uff0c\u4ea4\u4ed8web\u670d\u52a1\u65f6\u6211\u975e\u5e38\u60f3\u77e5\u9053\u5b83\u7a76\u7adf\u80fd\u627f\u8f7d\u7684\u591a\u5c11\u5e76\u53d1\u91cf\uff1f\uff1f\u6211\u4eec\u77e5\u9053\u5f71\u54cd\u670d\u52a1\u6027\u80fd\u7684\u56e0\u7d20\u6709\u5f88\u591a\u5982\u51fa\u53e3\u5e26\u5bbd\u3001\u78c1\u76d8io\u3001\u5185\u5b58\u548ccpu\u8d44", "publish": "2019-02-15T11:16:00", "mod_date": "2019-02-19", "category": 9, "view": 18, "author": "lghost", "picture": null, "tags": [1, 11]}}, {"model": "blog.article", "pk": 8, "fields": {"title": "\u8fdb\u5165\u6697\u7f51", "body": "\u8fdb\u5165\u6697\u7f51\r\n\r\n## tor\u6d0b\u8471\r\nwww.torproject.org\r\n\r\n\r\n\r\n## \u914d\u7f6e\r\nconfigure - > request a bridge from torproject.org\r\n\r\n\u5b89\u88c5\u914d\u7f6e\u7b80\u5355 \u5c31\u7f3a\u4e00\u4e2a\u5bfc\u822a\u5730\u5740...", "digest": "\u8fdb\u5165\u6697\u7f51\r\n\r\n## tor\u6d0b\u8471\r\nwww.torproject.org\r\n\r\n\r\n\r\n## \u914d\u7f6e\r\nconfigure - > request a bridg", "publish": "2019-02-15T14:59:00", "mod_date": "2019-02-15", "category": 10, "view": 10, "author": "lghost", "picture": null, "tags": [12]}}, {"model": "blog.article", "pk": 9, "fields": {"title": "Linux\u5e38\u7528\u547d\u4ee4: find", "body": "## find \u5e38\u7528\r\n```shell\r\nfind /home/admin /tmp /usr -name \\*.log(\u591a\u4e2a\u76ee\u5f55\u53bb\u627e)\r\nfind . -iname \\*.txt(\u5927\u5c0f\u5199\u90fd\u5339\u914d)\r\nfind . -type d(\u5f53\u524d\u76ee\u5f55\u4e0b\u7684\u6240\u6709\u5b50\u76ee\u5f55)\r\nfind /usr -type l(\u5f53\u524d\u76ee\u5f55\u4e0b\u6240\u6709\u7684\u7b26\u53f7\u94fe\u63a5)\r\nfind /usr -type l -name \"z*\" -ls(\u7b26\u53f7\u94fe\u63a5\u7684\u8be6\u7ec6\u4fe1\u606f eg:inode,\u76ee\u5f55)\r\nfind /home/admin -size +250000k(\u8d85\u8fc7250000k\u7684\u6587\u4ef6\uff0c\u5f53\u7136+\u6539\u6210-\u5c31\u662f\u5c0f\u4e8e\u4e86)\r\nfind /home/admin f -perm 777 -exec ls -l {} \\; (\u6309\u7167\u6743\u9650\u67e5\u8be2\u6587\u4ef6)\r\nfind /home/admin -atime -1  1\u5929\u5185\u8bbf\u95ee\u8fc7\u7684\u6587\u4ef6\r\nfind /home/admin -ctime -1  1\u5929\u5185\u72b6\u6001\u6539\u53d8\u8fc7\u7684\u6587\u4ef6\r\nfind /home/admin -mtime -1  1\u5929\u5185\u4fee\u6539\u8fc7\u7684\u6587\u4ef6\r\nfind /home/admin -amin -1  1\u5206\u949f\u5185\u8bbf\u95ee\u8fc7\u7684\u6587\u4ef6\r\nfind /home/admin -cmin -1  1\u5206\u949f\u5185\u72b6\u6001\u6539\u53d8\u8fc7\u7684\u6587\u4ef6\r\nfind /home/admin -mmin -1  1\u5206\u949f\u5185\u4fee\u6539\u8fc7\u7684\u6587\u4ef6\r\n```\r\n\r\n\r\n### find \u641c\u7d22\u5e76\u6267\u884c\r\n```shell\r\nfind .  -name   \"*.log\" -mtime +999 -type f -print -exec rm -f {} \\;\r\n#\u641c\u7d22\u5927\u4e8e6\u5929\uff0clog\u540e\u7f00\u6587\u4ef6\u5e76\u6267\u884c\u5220\u9664\u52a8\u4f5c\r\n```\r\n\r\n### find \u5b89\u5168\u641c\u7d22\r\n```shell\r\nfind / -uid 0 -perm -4000 -print\r\nfind / -size +10000k -print|  xargs  du -sh|sort -nr #10M\u4ee5\u4e0a\u7684\u6587\u4ef6\r\nfind / -name \u201c\u2026\u201d -print\r\nfind / -name \u201c.. \u201d -print\r\nfind / -name \u201c. \u201d -print\r\nfind / -name \u201d \u201d -print\r\n\u6ce8\u610fSUID\u6587\u4ef6\uff0c\u53ef\u7591\u5927\u4e8e10M\u548c\u7a7a\u683c\u6587\u4ef6\r\nfind / -name core -exec ls -l {} ;\uff08\u68c0\u67e5\u7cfb\u7edf\u4e2d\u7684core\u6587\u4ef6\uff09\r\n```", "digest": "## find \u5e38\u7528\r\n```shell\r\nfind /home/admin /tmp /usr -name \\*.log(\u591a\u4e2a\u76ee\u5f55\u53bb\u627e)\r\nfind . -i", "publish": "2018-12-12T15:01:00", "mod_date": "2019-02-15", "category": 9, "view": 10, "author": "lghost", "picture": null, "tags": [13]}}, {"model": "blog.article", "pk": 10, "fields": {"title": "Linux - \u5e38\u7528\u547d\u4ee4\uff1agrep", "body": "### grep \u53c2\u6570\r\n\u53c2\u6570\r\n-c \u53ea\u8f93\u51fa\u5339\u914d\u884c\u7684\u4e2a\u6570\u3002\r\n-i \u4e0d\u533a\u5206\u5927\u5c0f\u5199\uff08\u53ea\u9002\u7528\u4e8e\u5355\u5b57\u7b26\uff09\u3002\r\n-h \u67e5\u8be2\u591a\u6587\u4ef6\u65f6\u4e0d\u663e\u793a\u6587\u4ef6\u540d\u3002\r\n-l \u67e5\u8be2\u591a\u6587\u4ef6\u65f6\u53ea\u8f93\u51fa\u5305\u542b\u5339\u914d\u5b57\u7b26\u7684\u6587\u4ef6\u540d\u3002\r\n-n \u663e\u793a\u5339\u914d\u884c\u53ca\u884c\u53f7\u3002\r\n-s \u4e0d\u663e\u793a\u4e0d\u5b58\u5728\u6216\u65e0\u5339\u914d\u6587\u672c\u7684\u9519\u8bef\u4fe1\u606f\u3002\r\n**-v** \u663e\u793a\u4e0d\u5305\u542b\u5339\u914d\u6587\u672c\u7684\u6240\u6709\u884c\uff08\u53cd\u5411\u5339\u914d\uff09\u3002\r\n-V \u663e\u793a\u8f6f\u4ef6\u7248\u672c\u4fe1\u606f\r\n\r\n\u4f7f\u7528grep\u5339\u914d\u65f6\u6700\u597d\u7528\u53cc\u5f15\u53f7\u5f15\u8d77\u6765\uff0c\u9632\u6b62\u88ab\u7cfb\u7edf\u8bef\u8ba4\u4e3a\u53c2\u6570\u6216\u8005\u7279\u6b8a\u547d\u4ee4\uff0c\u4e5f\u53ef\u4ee5\u5339\u914d\u591a\u4e2a\u5355\u8bcd\u3002\r\n\r\n### grep \u7cbe\u786e\u5339\u914d\r\n```\r\ngrep \"\\<abc\\>\" file\r\ngrep \u2013w \"abc\" file\r\n# \u7cbe\u786e\u5339\u914d\u5185\u5bb9\r\ngrep \u2013wc \"abc\" file\r\n# \u7cbe\u786e\u5339\u914d\u884c\u6570\uff0cwc -l\r\n```\r\n\r\n### grep \u5224\u65ad\u8ffd\u52a0\r\n```\r\n grep PS /etc/profile || echo '''PS1=\"\\[\\e[37;1m\\][\\[\\e[32;1m\\]\\u\\[\\e[37;40m\\]@\\[\\e[34;1m\\]\\h \\[\\e[0m\\]\\t \\[\\e[35;1m\\]\\W\\[\\e[37;1m\\]]\\[\\e[m\\]/\\\\$\" ''' >>/etc/profile\r\n    #\u5982\u679cgrep\u6ca1\u6709\u8fc7\u6ee4\u5230\u542b'PS'\u7684\u884c,\u8ffd\u52a0\u65b0\u5185\u5bb9\u5230profile\u6587\u4ef6\uff1b\u8fd9\u91cc\u4f7f\u7528||\u903b\u8f91\u6216\u5224\u65ad\r\n```\r\n\r\n### grep \u591a\u6761\u4ef6\u5339\u914d\r\n\r\n1.\u540c\u65f6\u6ee1\u8db3\u591a\u4e2a\u6761\u4ef6\uff1a\r\n```\r\nfdisk -l |grep D|grep dev #\u5957\u7528\u4e24\u6b21grep\u8fc7\u6ee4\uff0c\u67e5\u770b\u7269\u7406\u786c\u76d8\r\n```\r\n\r\n\r\n2.\u5339\u914d\u4efb\u610f\u6761\u4ef6\r\n```\r\nethtool eno16777736 |egrep 'Speed|Duplex'\r\n#egrep\u589e\u5f3a\u547d\u4ee4,\u67e5\u770beno16777736\u7f51\u5361(\u7269\u7406\u673a) \u901f\u5ea6\u548c\u53cc\u5de5\u6a21\u5f0f\r\n```\r\n\r\n\r\n\r\n### grep \u641c\u7d22\u5185\u5bb9\r\n\r\n1.\u5b57\u7b26\u4e32\u5185\u5bb9\r\n    grep -r @copyright|grep  index\r\n    # r\u53c2\u6570\u5f52\u6863\u76ee\u5f55\u4e0b\u6240\u6709\u6587\u4ef6\uff0c\u67e5\u627e\u5305\u542bcopyright\u5e76\u4e14\u662findex\u6587\u4ef6\u540d\u7684\u6587\u4ef6\r\n\r\n2.\u6570\u5b57\u5185\u5bb9\r\n    cat /proc/meminfo |awk  'NR==1'|grep  -o '[0-9]\\{1,\\}'\r\n    #o\u53c2\u6570\u663e\u793a\u5339\u914d\u7684\u5185\u5bb9\uff0c\u6570\u5b570-9\u8303\u56f4\uff0c\u5982\u679c{1,99\\} 1\u884c99\u4f4d\uff1b\u67e5\u770b\u5185\u5b58\u5927\u5c0f\r\n\r\n3.\u53ea\u5217\u51fa\u6587\u4ef6\r\n    grep -rl  localhost\r\n    #\u641c\u7d22\u7f51\u7ad9\u8fde\u63a5\u6570\u636e\u5e93\u7684\u6587\u4ef6\u5e76\u53ea\u5217\u51fa\u6587\u4ef6\u540d\r\n\r\n\u4f4d\u7f6e\r\n```\r\nseq 10 | grep 5 -A 3    #\u4e0a\u5339\u914d\r\nseq 10 | grep 5 -B 3    #\u4e0b\u5339\u914d\r\nseq 10 | grep 5 -C 1    #\u4e0a\u4e0b\u5339\u914d\r\n```", "digest": "### grep \u53c2\u6570\r\n\u53c2\u6570\r\n-c \u53ea\u8f93\u51fa\u5339\u914d\u884c\u7684\u4e2a\u6570\u3002\r\n-i \u4e0d\u533a\u5206\u5927\u5c0f\u5199\uff08\u53ea\u9002\u7528\u4e8e\u5355\u5b57\u7b26\uff09\u3002\r\n-h \u67e5\u8be2\u591a\u6587\u4ef6\u65f6\u4e0d\u663e\u793a\u6587\u4ef6\u540d\u3002\r\n-l \u67e5\u8be2\u591a\u6587\u4ef6\u65f6", "publish": "2017-03-01T15:19:00", "mod_date": "2019-02-15", "category": 9, "view": 3, "author": "lghost", "picture": null, "tags": [13]}}, {"model": "blog.article", "pk": 11, "fields": {"title": "Linux - \u5e38\u7528\u547d\u4ee4\uff1acut", "body": "**-c\u53c2\u6570\u53d6\u6307\u5b9a\u4f4d\u5b57\u7b26**\r\n\r\n    history |uniq|cut -c 8-999\r\n    #\u622a\u53d68\u5230999\u4f4d\u7684\u5185\u5bb9\r\n\r\n    cat /etc/passwd|awk 'NR==1' |cut -c 1,8,10,15,22-\r\n    #\u8fc7\u6ee4passwd\u5bc6\u7801\u7b2c\u4e00\u884c\uff0c\u622a\u53d6\u6307\u5b9a\u4f4d\u7f6e\uff0c22- \u4e3a22\u4f4d\u4ee5\u540e\u6240\u6709\u5b57\u7b26\uff0c-10\u4e3a10\u4f4d\u4e4b\u524d\r\n\u6548\u679c\uff1a    \r\n>r00t:/bin/bash\r\n\r\n**-d\u53c2\u6570\u5206\u9694\u7b26 \u4e0e-f \u540c\u65f6\u4f7f\u7528**\r\n\r\n    history |uniq|cut -d \" \" -f 5,7-99\r\n    # \u901a\u8fc7\u7a7a\u683c\u5206\u9694\uff0c-f \u6307\u5b9a\u8981\u663e\u793a\u7684\u5217;awk \u9694\u7b26\u4e3aF\u6ce8\u610f\u4e0d\u8981\u6df7\u6dc6", "digest": "**-c\u53c2\u6570\u53d6\u6307\u5b9a\u4f4d\u5b57\u7b26**\r\n\r\n    history |uniq|cut -c 8-999\r\n    #\u622a\u53d68\u5230999\u4f4d\u7684\u5185\u5bb9\r\n\r\n    cat /e", "publish": "2017-03-01T15:23:00", "mod_date": "2019-02-15", "category": 9, "view": 3, "author": "lghost", "picture": null, "tags": [13]}}, {"model": "blog.article", "pk": 12, "fields": {"title": "Linux - \u5e38\u7528\u547d\u4ee4\uff1aawk", "body": "## \u663e\u793a\u6307\u5b9a\u884c\r\n\r\n    cat /proc/meminfo |awk  'NR==1'\r\n    #\u663e\u793a\u7b2c\u4e00\u884c\r\n\tawk '/^[0-9]/ && NR==1  {print $1}' /data/hostlist\r\n\t# \u8fc7\u6765\u6570\u5b57\u5f00\u5934\u800c\u4e14\u662f\u7b2c\u4e00\u884c\uff0c\u6253\u5370\u7b2c\u4e00\u5217\uff1b&&\u548c||\u6216\r\n\tifconfig |awk '/netmask/ && !/127/  {print $2}'\r\n\t# \u5339\u914dnetmask \u5e76\u5339\u914d\u975e127\r\n\r\n## \u5206\u9694\u663e\u793a\r\n\r\n    cat /proc/meminfo |awk  'NR==1'|awk '{print $2}'\r\n    #\u663e\u793a\u7b2c\u4e8c\u5217\r\n\r\n    curl -s --head \"ops.attacker.club\"|awk  '/HTTP/ {print $2}'\r\n    #\u8fc7\u6ee4\u5173\u952e\u5b57\u2018HTTP\u2019\u7684\u884c\u5e76\u5c06\u7b2c\u4e8c\u5217\u5185\u5bb9\u6253\u5370\u51fa\u6765\r\n\r\n## \u6b63\u5219\r\n```shell\r\nawk  -F= '/^DEV/ {print \"\u7f51\u5361\"$2}' /etc/sysconfig/network-scripts/ifcfg-eth0 \r\n#\u6b63\u5219\u641c\u7d22DEV\u5927\u5934\u7684\u884c\uff0c\u6253\u5370\u7b2c\u4e8c\u5217\u7f51\u5361\u540d\r\n\r\nroute  -n | awk '$3~/252.0$/{print $1}'|uniq\r\n#\u6b63\u5219\u5339\u914d\u7b2c\u4e09\u5217\u63a9\u7801\u662f252.0\u5219\u6253\u5370\u7b2c\u4e00\u5217\u7f51\u7edc\u5730\u5740\r\n\r\ndocker images | awk  '/rancher/||/busybox/  {print $3}'| xargs  docker rmi\r\n#\u5220\u9664\u5305\u542brancher\u6216\u8005busybox\u7684\u5bb9\u5668id\r\n\r\nip add |grep -vw lo |awk -F '[ /]+'  '/inet/ {print $3}'\r\n#[\u7a7a\u683c:]\u591a\u5206\u9694\u7b26\u5199\u6cd5\uff0c\u4ee5\u7a7a\u683c\u6216\u5192\u53f7\u505a\u5206\u9694;\"+\"\u53f7\u662f\u6b63\u5219\u8868\u8fbe\u5f0f\uff0c\u610f\u601d\u662f\u5339\u914d\u524d\u9762\u7a7a\u683c\u6216\u5192\u53f7\uff0c\u4e24\u8005\u4e4b\u4e00\u76841\u4e2a\u62161\u4e2a\u4ee5\u4e0a\u3002\r\n\r\nawk '/ldb/ {print}' f.txt   #\u5339\u914dldb\r\nawk '!/ldb/ {print}' f.txt  #\u4e0d\u5339\u914dldb\r\nawk '/ldb/ && /LISTEN/ {print}' f.txt   #\u5339\u914dldb\u548cLISTEN\r\nawk '$5 ~ /ldb/ {print}' f.txt #\u7b2c\u4e94\u5217\u5339\u914dldb\r\n```\r\n\r\n## \u9ad8\u7ea7\u73a9\u6cd5\r\n\r\n```shell\r\nawk -F: '$3>=1000 {print $1}' /etc/passwd\r\n#\u7b2c\u4e09\u5217\u503c\u5927\u4e8e\u7b49\u4e8e1000\u5219\u6253\u5370passwd\u7b2c\u4e00\u5217\u7684\u7528\u6237\u540d\r\nawk -F:  'length($3)==2 {print $1}' /etc/passwd\r\n#\u7b2c\u4e09\u5217\u5b57\u7b26\u4e32\u662f2\u4f4d\u957f\u5ea6\u7684\uff0c\u6253\u5370\u7b2c\u4e00\u5217\u7528\u6237\u540d\u4fe1\u606f\r\n#;\u67e5\u770b\u662f\u5426\u5b58\u5728\u7a7a\u53e3\u4ee4\u5e10\u6237\r\nawk -F\\: '{system(\"passwd -S \"$1)}' /etc/passwd|awk '{print $1,$3}'\r\n#\u7528system\u548cbash\u6267\u884c\u547d\u4ee4;\u67e5\u770b\u8d26\u6237\u521b\u5efa\u65e5\u671f\r\nawk -F\\: '{system(\"passwd -S \"$1)}' /etc/passwd|awk '{print $1,$3}'\r\n#\u540c\u4e0a\r\n#\u8fc7\u6ee4\u767b\u5f55\u5931\u8d25\u7684ip\u5730\u5740\uff0cawk if\u5982\u679c\u7b2c\u4e00\u5217\u6570\u5b57\u67098\u6b21\u4ee5\u4e0a\u5219\u6253\u5370\u7b2c\u4e8c\u5217ip\u4fe1\u606f\r\nawk '$1> 8 {print $2}'\r\n#\u540c\u4e0a\uff0c\u6548\u679c\r\ngrep Failed /var/log/secure |egrep -o '[0-9]{1,3}(\\.[0-9]{1,3}){3}' |sort |uniq -c|sort -nr | awk '{if($1 > 8) print $2}'\r\n\r\ngrep Failed /var/log/secure |egrep -o '[0-9]{1,3}(\\.[0-9]{1,3}){3}' |sort |uniq -c|sort -nr | awk '{if($1 > 8) print $2}' \r\n```\r\n\r\n```\r\n#[0-9]{1,3}(\\.[0-9]{1,3}){3}\r\n[0-9]{1,3}\uff1a1-3\u4f4d\u6570\u5b57\r\n\\.[0-9]{1,3}\uff1a\u5c0f\u6570\u70b9.\u540e\u8ddf1-3\u4f4d\u6570\u5b57\r\n(...){3}\uff1a\u524d\u9762\u62ec\u53f7\u4e2d\u7684\u7ec4\u5408\u91cd\u590d3\u6b21\r\n\u6b63\u5219\u8868\u8fbe\u5f0f\u4e2d\uff1a\r\n.\u8868\u793a\u201c\u5355\u4e2a\u4efb\u610f\u5b57\u7b26\u201d\r\n\\.\u8868\u793a\u201c\u5c0f\u6570\u70b9\u201d\r\n\u5173\u4e8eIP\u5730\u5740,\u518d\u63d0\u4f9b\u4e00\u79cd\u66f4\u7cbe\u786e\u7684\u5199\u6cd5\uff1a\r\n\\d\u8868\u793a\u201c\u5355\u4e2a\u4efb\u610f\u6570\u5b57\u201d\r\n((\\d{1,3})\\.){3}(\\d{1,3})\uff1a\u4e0e\u4f60\u7684\u5f0f\u5b50\u57fa\u672c\u7b49\u4ef7\r\n![\\.\\d])\uff1a\u540e\u9762\u4e0d\u80fd\u6709.\u6216\u6570\u5b57\r\n```", "digest": "## \u663e\u793a\u6307\u5b9a\u884c\r\n\r\n    cat /proc/meminfo |awk  'NR==1'\r\n    #\u663e\u793a\u7b2c\u4e00\u884c\r\n\tawk '/^[0-9]/ && N", "publish": "2017-03-01T15:23:00", "mod_date": "2019-02-15", "category": 9, "view": 5, "author": "lghost", "picture": null, "tags": [13]}}, {"model": "blog.article", "pk": 13, "fields": {"title": "Linux - \u5e38\u7528\u547d\u4ee4\uff1ased", "body": "## \u9009\u9879\u4e0e\u53c2\u6570\uff1a\r\n\r\n    -n \uff1a\u4f7f\u7528\u5b89\u9759(silent)\u6a21\u5f0f\u3002\u5728\u4e00\u822c sed \u7684\u7528\u6cd5\u4e2d\uff0c\u6240\u6709\u6765\u81ea STDIN \u7684\u6570\u636e\u4e00\u822c\u90fd\u4f1a\u88ab\u5217\u51fa\u5230\u7ec8\u7aef\u4e0a\u3002\u4f46\u5982\u679c\u52a0\u4e0a -n \u53c2\u6570\u540e\uff0c\u5219\u53ea\u6709\u7ecf\u8fc7sed \u7279\u6b8a\u5904\u7406\u7684\u90a3\u4e00\u884c(\u6216\u8005\u52a8\u4f5c)\u624d\u4f1a\u88ab\u5217\u51fa\u6765\u3002\r\n    -e \uff1a\u76f4\u63a5\u5728\u547d\u4ee4\u5217\u6a21\u5f0f\u4e0a\u8fdb\u884c sed \u7684\u52a8\u4f5c\u7f16\u8f91\uff1b\r\n    -f \uff1a\u76f4\u63a5\u5c06 sed \u7684\u52a8\u4f5c\u5199\u5728\u4e00\u4e2a\u6587\u4ef6\u5185\uff0c -f filename \u5219\u53ef\u4ee5\u8fd0\u884c filename \u5185\u7684 sed \u52a8\u4f5c\uff1b\r\n    -r \uff1ased \u7684\u52a8\u4f5c\u652f\u6301\u7684\u662f\u5ef6\u4f38\u578b\u6b63\u89c4\u8868\u793a\u6cd5\u7684\u8bed\u6cd5\u3002(\u9ed8\u8ba4\u662f\u57fa\u7840\u6b63\u89c4\u8868\u793a\u6cd5\u8bed\u6cd5)\r\n    -i \uff1a\u76f4\u63a5\u4fee\u6539\u8bfb\u53d6\u7684\u6587\u4ef6\u5185\u5bb9\uff0c\u800c\u4e0d\u662f\u8f93\u51fa\u5230\u7ec8\u7aef\u3002\r\n    \r\n    \u52a8\u4f5c\u8bf4\u660e\uff1a [n1[,n2]]function\r\n    n1, n2 \uff1a\u4e0d\u89c1\u5f97\u4f1a\u5b58\u5728\uff0c\u4e00\u822c\u4ee3\u8868\u300e\u9009\u62e9\u8fdb\u884c\u52a8\u4f5c\u7684\u884c\u6570\u300f\uff0c\u4e3e\u4f8b\u6765\u8bf4\uff0c\u5982\u679c\u6211\u7684\u52a8\u4f5c\u662f\u9700\u8981\u5728 10 \u5230 20 \u884c\u4e4b\u95f4\u8fdb\u884c\u7684\uff0c\u5219\u300e 10,20[\u52a8\u4f5c\u884c\u4e3a] \u300f\r\n    \r\n    function\uff1a\r\n    a \uff1a\u65b0\u589e\uff0c a \u7684\u540e\u9762\u53ef\u4ee5\u63a5\u5b57\u4e32\uff0c\u800c\u8fd9\u4e9b\u5b57\u4e32\u4f1a\u5728\u65b0\u7684\u4e00\u884c\u51fa\u73b0(\u76ee\u524d\u7684\u4e0b\u4e00\u884c)\uff5e\r\n    c \uff1a\u53d6\u4ee3\uff0c c \u7684\u540e\u9762\u53ef\u4ee5\u63a5\u5b57\u4e32\uff0c\u8fd9\u4e9b\u5b57\u4e32\u53ef\u4ee5\u53d6\u4ee3 n1,n2 \u4e4b\u95f4\u7684\u884c\uff01\r\n    d \uff1a\u5220\u9664\uff0c\u56e0\u4e3a\u662f\u5220\u9664\u554a\uff0c\u6240\u4ee5 d \u540e\u9762\u901a\u5e38\u4e0d\u63a5\u4efb\u4f55\u549a\u549a\uff1b\r\n    i \uff1a\u63d2\u5165\uff0c i \u7684\u540e\u9762\u53ef\u4ee5\u63a5\u5b57\u4e32\uff0c\u800c\u8fd9\u4e9b\u5b57\u4e32\u4f1a\u5728\u65b0\u7684\u4e00\u884c\u51fa\u73b0(\u76ee\u524d\u7684\u4e0a\u4e00\u884c)\uff1b\r\n    p \uff1a\u5217\u5370\uff0c\u4ea6\u5373\u5c06\u67d0\u4e2a\u9009\u62e9\u7684\u6570\u636e\u5370\u51fa\u3002\u901a\u5e38 p \u4f1a\u4e0e\u53c2\u6570 sed -n \u4e00\u8d77\u8fd0\u884c\uff5e\r\n    s \uff1a\u53d6\u4ee3\uff0c\u53ef\u4ee5\u76f4\u63a5\u8fdb\u884c\u53d6\u4ee3\u7684\u5de5\u4f5c\u54e9\uff01\u901a\u5e38\u8fd9\u4e2a s \u7684\u52a8\u4f5c\u53ef\u4ee5\u642d\u914d\u6b63\u89c4\u8868\u793a\u6cd5\uff01\u4f8b\u5982 1,20s/old/new/g \u5c31\u662f\u5566\uff01\r\n\r\n\r\n\r\n\r\n\r\n## \u884c\u5185\u64cd\u4f5c\r\n### \u5220\u9664\r\n\r\n```\r\nfdisk -l |cut -d \" \" -f 2-4 |grep dev|sed s/,//\r\n#\u67e5\u770b\u78c1\u76d8\u5927\u5c0f;\u5c06','\u9017\u53f7\u5220\u9664\r\n```\r\n\r\n### \u66ff\u6362\r\n```\r\nsed 's/root/admin/g' file\r\n#\u5c06root\u66ff\u6362\u4e3aadmin;\u7c7b\u4f3cvim\u53c2\u6570s\u66ff\u6362g\u5168\u5c40\u5339\u914d\r\n```\r\n\r\n### \u524d\u540e\u63d2\u5165\u5b57\u7b26\r\n\r\n```shell\r\nsed -ne 's/aaa/HELLO&/p' test \r\n#\u5728aaa\u5b57\u7b26\u524d\u9762\u63d2\u5165\u5185\u5bb9;\u8f93\u51fa\u7ed3\u679c\uff1aHELLOaaa\r\nsed -ne 's/aaa/&HELLO/p' test\r\n#\u5728aaa\u5b57\u7b26\u540e\u9762\u63d2\u5165\u5185\u5bb9;\u8f93\u51fa\u7ed3\u679c\uff1aaaaHELLO\r\nsed 's/^/HEAD&/g' file\r\n#\u5728\u6bcf\u884c\u7684\u5934\u6dfb\u52a0\u5b57\u7b26\uff0c\u6bd4\u5982\"HEAD\"\r\nsed 's/$/&TAIL/g' file\r\n#\u5728\u6bcf\u884c\u7684\u884c\u5c3e\u6dfb\u52a0\u5b57\u7b26\uff0c\u6bd4\u5982\u201cTAIL\u201d\r\n```\r\n\r\n### \u6362\u884c\u3001\u7a7a\u683c\r\n\r\n```\r\nnl /etc/passwd |sed '10a 1\u7b2c\u5341\u884c\u540e\u9762\u5f00\u59cb\u63d2\u5165\u4e09\u884c\\n2\\n3 \u659c\u6760n\u662f\u6362\u884c\\tt\u5927\u7a7a\u683c'\r\n#\u6362\u884c\\n \u7a7a\u683c\\t,\u7a7a\u683c\u952e\u5c0f\u7a7a\u683c\r\n```\r\n\r\n\r\n\r\n## \u6574\u884c\u64cd\u4f5c\r\n### \u641c\u7d22\u663e\u793a\r\n\r\n```shell\r\nnl /etc/passwd | sed -n '2p'\r\n#\u6253\u5370\u7b2c\u4e8c\u884c,\u7c7b\u4f3c\u4e8eawk NR==2\r\nnl /etc/passwd | sed -n '5,7p'\r\n#\u6253\u53705-7\u884c\r\nsed -n  '/root/p' /etc/passwd\r\n#\u53ea\u663e\u793a\u5305\u542broot\u7684\u884c;\u53c2\u6570-n\u53ea\u6253\u5370\u5904\u7406\u7684\u884c \r\nsed   '/nologin/d' /etc/passwd\r\n#\u5220\u9664\u5305\u542bnologin\u7684\u884c\uff0c\u5176\u4ed6\u8f93\u51fa;d \u53c2\u6570\u5220\u9664\r\n```\r\n\r\n### \u5220\u9664\u884c\r\n```shell\r\nsed -i '8d' file\r\n#\u5220\u9664\u7b2c8\u884c\r\nnl /etc/passwd | sed '2d' \r\n#\u53ea\u8981\u5220\u9664\u7b2c2\u884c\r\nnl /etc/passwd | sed '2,5d'\r\n#\u5220\u96642-5\u884c\r\nnl /etc/passwd | sed '3,$d' \r\n#\u8981\u5220\u9664\u7b2c3\u884c\u5230\u6700\u540e\u4e00\u884c\r\nsed /PATTERN/d file\r\nsed -i  '/ulimit/d' /etc/rc.local\r\n#\u5220\u9664\u5305\u542b\u5173\u952e\u5b57\u7684\u884c\r\n```\r\n\r\n\r\n\r\n\r\n### \u63d2\u5165\u884c\uff1a\u901a\u8fc7\u884c\u53f7\u63d2\u5165\r\n```\r\nnl /etc/passwd | sed '2,5c 2-5\u884c\u88ab\u5403\u4e86'\r\n#2-5\u884c\u66ff\u6362\u6210\u6307\u5b9a\u7684\u5185\u5bb9\r\nnl /etc/passwd | sed \"2i it's second line\"\r\n#\u7b2c\u4e8c\u884c\u524d\u9762\u63d2\u5165\u5185\u5bb9\uff1b\u53c2\u6570i\r\nnl /etc/passwd | sed '2a  The third line'\r\n#\u7b2c\u4e8c\u884c\u4e0b\u9762\u63d2\u5165\u5185\u5bb9\uff1b\u53c2\u6570a\r\n```\r\n\r\n### \u63d2\u5165\u884c\uff1a\u5339\u914d\u5173\u952e\u5b57\u524d\u540e\u63d2\u5165\r\n```\r\nsed  -i  \"/rm/i\\alias vi='vim'\"  ~/.bashrc\r\n#\u5728\u5339\u914d\u7684rm\u5185\u5bb9\u4e0a\u9762\u63d2\u5165\u4e00\u6761vim\u914d\u7f6e\u522b\u540d\u7684\u884c\r\ngrep vi ~/.bashrc || sed  -i  \"/mv/a\\alias vi='vim'\"  ~/.bashrc\r\n#\u5148\u5224\u65advi\u5185\u5bb9\u662f\u5426\u5b58\u5728\uff0c\u5982\u679c\u4e0d\u5b58\u5728\u5219\u5339\u914d\u5230mv\u5185\u5bb9\u5728\u4e0b\u9762\u63d2\u5165\u4e00\u884c\uff1b\r\n```\r\n### \u63d2\u5165\u884c\uff1a \u884c\u9996\u3001\u884c\u67d0\u63d2\u5165\r\n```shell\r\nsed '1istart'   /root/.bashrc\r\n#\u9996\u884c\u6dfb\u52a0start\u5b57\u7b26\u4e32\r\nsed '$a end.'   /root/.bashrc\r\n#\u7ed3\u5c3e\u6dfb\u52a0end.\u5185\u5bb9\r\n```\r\n\r\n## \u5176\u4ed6\u9ad8\u7ea7\u7528\u6cd5\r\n```shell\r\nsed 's/#.*//;/^$/ d' /etc/ssh/ssh_config\r\n#\u53bb\u6389\u7a7a\u884c\u548c\u6ce8\u91ca\uff1b\u66ff\u6362#.*\u7528\u7a7a\u5e76\u5c06^$\u7a7a\u683c\u6253\u5934\u7684\u5185\u5bb9\u5220\u9664;\u7c7b\u4f3c\u7528\u6cd5\uff1aegrep -v '^#|^$' /etc/ssh/ssh_config\r\nsed -i '/^#/d;/^$/d' /etc/openvpn/easy-rsa/2.0/vars #\u5220\u9664\u5e9f\u8bdd\r\nsed -i \"/HOSTNAME/c HOSTNAME=OS\" /etc/sysconfig/network\r\n#\u641c\u7d22\u5173\u952e\u5b57\uff0c\u53d6\u4ee3\u8be5\u884c\r\nsed -i  '/HOSTNAME/d;a HOSTNAME=TemplateOS' /etc/sysconfig/network #\u5220\u9664\u5305\u542bhostname\u7684\u884c\u5e76\u91cd\u65b0\u65b0\u5efa (\u66ff\u6362\u63a8\u8350/c)\r\n    sed  \"/accesscore/c Hostname=`hostname`\"  /etc/zabbix/zabbix_proxy.conf\r\n````\r\n### \u53d8\u91cf\u4f7f\u7528\u53cc\u5f15\u53f7\r\n\u5355\u5f15\u53f7\u6709\u8f6c\u4e49\u529f\u80fd\r\n```shell\r\nifcfg=\"/etc/sysconfig/network-scripts/ifcfg-\"\r\ninterface=`ifconfig -a |grep mtu|grep -v lo|awk -F: '{print $1}'`\r\nHWADDR=`ifconfig  -a  | awk '/ether/ {print \"HWADDR=\"$2}'`\r\ngrep $HWADDR ${ifcfg}eth0\r\nif [ $? = 1 ];then\r\n\tsed -i '/HWADDR/d' ${ifcfg}eth0\r\n    sed -i  \"\\$a $HWADDR\"  ${ifcfg}eth0\r\n\trm -f ${ifcfg}$(interface) && reboot\r\nfi\r\n#centos7 \u66ff\u6362mac\u5730\u5740\r\n```", "digest": "## \u9009\u9879\u4e0e\u53c2\u6570\uff1a\r\n\r\n    -n \uff1a\u4f7f\u7528\u5b89\u9759(silent)\u6a21\u5f0f\u3002\u5728\u4e00\u822c sed \u7684\u7528\u6cd5\u4e2d\uff0c\u6240\u6709\u6765\u81ea STDIN \u7684\u6570\u636e\u4e00\u822c\u90fd\u4f1a\u88ab\u5217\u51fa\u5230\u7ec8\u7aef\u4e0a\u3002\u4f46\u5982\u679c\u52a0\u4e0a", "publish": "2017-03-07T15:27:00", "mod_date": "2019-02-15", "category": 9, "view": 5, "author": "lghost", "picture": null, "tags": [13]}}, {"model": "blog.article", "pk": 14, "fields": {"title": "Shell \u4e4b read\u811a\u672c\u8f93\u5165", "body": "<!--markdown-->## read\u4ecb\u7ecd\r\nread\u547d\u4ee4\u63a5\u6536\u6807\u51c6\u8f93\u5165\uff08\u952e\u76d8\uff09\u7684\u8f93\u5165\uff0c\u6216\u5176\u4ed6\u6587\u4ef6\u63cf\u8ff0\u7b26\u7684\u8f93\u5165\uff08\u540e\u9762\u5728\u8bf4\uff09\u3002\u5f97\u5230\u8f93\u5165\u540e\uff0cread\u547d\u4ee4\u5c06\u6570\u636e\u653e\u5165\u4e00\u4e2a\u6807\u51c6\u53d8\u91cf\u4e2d\r\n\r\n## \u53d8\u91cf\u8f93\u5165\r\n\r\n    #!/bin/bash\r\n    read -p \"Enter your name:\" name\r\n    echo \"hello $name, welcome to my program\"\r\n    #\u6700\u7b80\u5355\u5f62\u5f0f\uff0c\u5c06\u8f93\u5165\u7684\u6570\u636e\u653e\u5165\u53d8\u91cf\u4e2d\r\n\r\n## \u8ba1\u65f6\u5668\r\n    #!/bin/bash\r\n    if read -t 5 -p \"please enter your name:\" name\r\n    then \r\n        echo \"hello $name ,welcome to my script\"\r\n    else\r\n        echo \"sorry,too slow\"\r\n    fi\r\n    exit 0\r\n    #-t\u9009\u9879\u6307\u5b9aread\u547d\u4ee4\u7b49\u5f85\u8f93\u5165\u7684\u79d2\u6570\u3002\u5f53\u8ba1\u65f6\u6ee1\u65f6\uff0cread\u547d\u4ee4\u8fd4\u56de\u4e00\u4e2a\u975e\u96f6\u9000\u51fa\u72b6\u6001;\r\n\r\n\r\n<!--more-->\r\n\r\n\r\n## \u9884\u8bbe\u5185\u5bb9\u9009\u9879\r\n    #!/bin/bash\r\n    read -n1 -p \"Do you want to continue [Y/N]?\" answer\r\n    case $answer in\r\n    Y | y)\r\n          echo \"fine ,continue\";;\r\n    N | n)\r\n          echo \"ok,good bye\";;\r\n    *)\r\n         echo \"error choice\";;\r\n    esac\r\n    exit 0\r\n    #\u4f7f\u7528\u4e86-n\u9009\u9879\uff0c\u540e\u63a5\u6570\u503c1\uff0c\u9650\u5236\u8f93\u5165\u7684\u5b57\u7b26\u957f\u5ea6\r\n\r\n##  \u65e5\u5e38\u4f8b\u5b501 \uff08\u66f4\u65b0\u670d\u52a1\u5668yum\u6e90\u6587\u4ef6\uff09 \r\n    #!/bin/bash\r\n    #\u66f4\u65b0yum\u6e90\u6587\u4ef6\r\n    \r\n    ls /etc/yum.repos.d/*|grep  -v Base|xargs rm\r\n    #\u5220\u9664\u4e0d\u7528\u7684repo\u6e90\r\n    read -n1 -p \"\u4f60\u7684\u7cfb\u7edf\u662fCentos6\u8fd8\u662f7 ?\": eple\r\n    #-n1 \u9650\u5236\u53ea\u80fd\u8f93\u5165\u4e00\u4e2a\u5b57\u7b26,eple\u8f93\u5165\u7684\u53d8\u91cf\r\n    case $eple in\r\n    6 | 7)\r\n    \r\n    which wget || yum install wget -y\r\n    #\u5b89\u88c5wget\r\n    wget -P /etc/yum.repos.d  http://list.attacker.club/4.config/yum/centos${eple}-epel.repo\r\n    yum clean all;;\r\n    #\u4e0b\u8f7d\u66f4\u65b0\u7b2c\u4e09\u65b9yum\u6e90\r\n    \r\n    *)\r\n       echo  -e \"\\n\\n\\033[41;36m \u8f93\u5165\u9519\u8bef\uff0c\u8bf7\u9009\u62e9\u6570\u5b57: 6\u62167 \\033[0m\\n\";;\r\n    esac\r\n    exit 0", "digest": "<!--markdown-->## read\u4ecb\u7ecd\r\nread\u547d\u4ee4\u63a5\u6536\u6807\u51c6\u8f93\u5165\uff08\u952e\u76d8\uff09\u7684\u8f93\u5165\uff0c\u6216\u5176\u4ed6\u6587\u4ef6\u63cf\u8ff0\u7b26\u7684\u8f93\u5165\uff08\u540e\u9762\u5728\u8bf4\uff09\u3002\u5f97\u5230\u8f93\u5165\u540e\uff0cread\u547d\u4ee4\u5c06\u6570\u636e\u653e", "publish": "2017-03-20T15:34:00", "mod_date": "2019-02-15", "category": 9, "view": 4, "author": "lghost", "picture": null, "tags": [13]}}, {"model": "blog.article", "pk": 15, "fields": {"title": "fabric\u81ea\u52a8\u53d1\u5e03django\u535a\u5ba2\u7cfb\u7edf", "body": "## \u5b89\u88c5\u6a21\u5757\r\n```\r\npip -V\r\n# \u67e5\u770b\u662f\u4e0d\u662fpip3\r\n\r\npip install fabric3\r\n# \u5b89\u88c5\u6a21\u5757\r\n```\r\n\r\n##  fabric \u547d\u4ee4\u5217\u8868\r\n**fab list**\r\n```\r\nfab ping     #\u6d4b\u8bd5\u4e3b\u673aping\u5916\u7f51...\r\nfab upload #\u4e0a\u4f20\u4ee3\u7801\u5230git\r\nfab deploy #\u90e8\u7f72\u5230\u670d\u52a1\u5668\r\n```\r\n\r\n\r\n**vi  fabfile.py**\r\n```python\r\nfrom fabric.api import env,run,cd,local,task,abort\r\nfrom fabric.colors import green,yellow,red\r\nfrom fabric.context_managers import settings,hide\r\nfrom fabric.contrib.console import confirm \r\n\r\nimport datetime\r\nnowTime=datetime.datetime.now().strftime('%Y-%m-%d %H:%M:%S')\r\n\r\nenv.user = 'root'\r\nenv.port = '55555'\r\nenv.hosts = 'ops.attacker.club' #\u4e3b\u673a\u5730\u5740\r\nenv.key_filename = ['~/.ssh/id_rsa'] #\u672c\u5730\u79d8\u94a5\r\n\r\n\r\n\r\ndef get_git_status():\r\n    git_status_result = local(\"git status\", capture=True)\r\n    #if \"\u65e0\u6587\u4ef6\u8981\u63d0\u4ea4\uff0c\u5e72\u51c0\u7684\u5de5\u4f5c\u533a\" not in git_status_result:\r\n    if \"modified\"  in git_status_result:\r\n        print (red(\"\u5f53\u524d\u5206\u652f\u8fd8\u6709\u6587\u4ef6\u6ca1\u6709\u63d0\u4ea4\"))\r\n        print (git_status_result)\r\n        abort(\"\u5df2\u7ecf\u7ec8\u6b62\")\r\n\r\ndef local_unit_test():\r\n    with settings(warn_only=True):\r\n        test_result = local(\"python3 manage.py test\")\r\n        if test_result.failed:\r\n            print (test_result)\r\n            if not confirm(red(\"\u5355\u5143\u6d4b\u8bd5\u5931\u8d25\uff0c\u662f\u5426\u7ee7\u7eed\uff1f\")):\r\n                abort(\"\u5df2\u7ecf\u7ec8\u6b62\")\r\n\r\n\r\ndef download_code():\r\n    run(\"git checkout .\")\r\n    run(\"git pull\")\r\n    print(green(\"\\n[%s] \u5b8c\u6210\u4ee3\u7801\u4e0b\u8f7d\" % env.hosts))\r\n\r\ndef app ():\r\n    run(\"python3 manage.py collectstatic --noinput &&python3 manage.py migrate\")\r\n    run('''sed -i \"/ALLOWED_HOSTS/c ALLOWED_HOSTS= \\['127.0.0.1','.attacker.club'\\]\" mysite/settings.py ''' )\r\n    run(\"sed -i 's#/data/LJblog#/www/django/blog#' mysite/settings.py\")\r\n    run(\"sed -i 's/DEBUG = True/DEBUG = False/' mysite/settings.py\")\r\n    run(\"/usr/bin/supervisord -c /etc/supervisor/supervisord.conf\")\r\n    print(green(\"\\n[%s] app\u5b8c\u6210\u90e8\u7f72\" % env.hosts))\r\n\r\n\r\n\r\n@task\r\ndef upload():\r\n    with settings(hide('running','stderr'), warn_only=True):\r\n        local(\"git add .\")\r\n        local(\"git commit -m '%s \u63d0\u4ea4' \" % (nowTime))\r\n        local(\"git push\")\r\n        print(green(\"\\n\\n \u5b8c\u6210\u4ee3\u7801\u4e0a\u4f20\"))\r\n\r\n\r\n@task\r\ndef deploy():\r\n    with settings(hide('running','stderr'), warn_only=True):\r\n        with cd(\"/www/django/blog\"):\r\n            get_git_status()\r\n            local_unit_test()\r\n            run (\"pkill sup\")\r\n            download_code()\r\n            app()\r\n            print(yellow(\"\\n\\n[%s] \u90e8\u7f72\u5b8c\u6bd5 !!!\" % env.hosts))\r\n\r\n\r\n\r\n@task\r\ndef ping ():\r\n    with settings(hide('running','stderr'),warn_only=True):\r\n        run(\"ping -c 1 114.114.114.114\")\r\n```\r\nsed\u66ff\u6362`settings.py`\u91cc\u9762 `ALLOWED_HOSTS`\u5141\u8bb8\u5730\u5740\u3001`DEBUG`\u6a21\u5f0f\u3001`static_root`\u9759\u6001\u6587\u4ef6\u8def\u5f84", "digest": "## \u5b89\u88c5\u6a21\u5757\r\n```\r\npip -V\r\n# \u67e5\u770b\u662f\u4e0d\u662fpip3\r\n\r\npip install fabric3\r\n# \u5b89\u88c5\u6a21\u5757\r\n```\r\n\r\n##  fab", "publish": "2018-04-10T17:51:00", "mod_date": "2019-02-15", "category": 9, "view": 6, "author": "lghost", "picture": null, "tags": [4, 15, 16]}}, {"model": "blog.article", "pk": 16, "fields": {"title": "fdisk\u5bf9\u670d\u52a1\u5668\u78c1\u76d8\u6269\u5bb9", "body": "## \u67e5\u770b\u78c1\u76d8\r\n```\r\ndf -h|grep ^/dev\r\n# \u67e5\u770b\u5df2\u6302\u8f7d\u78c1\u76d8\r\n```\r\n![](https://oscimg.oschina.net/oscnet/ef6ef310a5d18528dbee3df373ad42b4ba8.jpg)\r\n\r\n## fdisk\u64cd\u4f5c\u78c1\u76d8\u5206\u533a\r\n![](https://oscimg.oschina.net/oscnet/f9b17bd410eb7a39911574d5115582ad6db.jpg)\r\n\r\nCommand (m for help): `w` #\u5199\u5165;\u786e\u5b9a\u4fee\u6539\u8fd9\u70b9\u5f88\u91cd\u8981\uff01\r\n##  \u683c\u5f0f\u5316\r\n```\r\ndf -T\r\n# \u5148\u770b\u770b\u4e4b\u524d\u6302\u8f7d\u7684\u6587\u4ef6\u7cfb\u7edf\r\n\r\nmkfs.ext4 /dev/vdb1\r\n# \u683c\u5f0f\u5316\u5206\u533a\r\n\r\n```\r\n## \u6302\u8f7d\r\n```\r\nmkdir /data/ && mount /dev/vdb1 /data\r\n```\r\nvi /etc/fstab #\u5f00\u542f\u81ea\u52a8\u6302\u8f7d\r\n```\r\n/dev/vdb1             /data                ext4    defaults       1 2\r\n```", "digest": "## \u67e5\u770b\u78c1\u76d8\r\n```\r\ndf -h|grep ^/dev\r\n# \u67e5\u770b\u5df2\u6302\u8f7d\u78c1\u76d8\r\n```\r\n![](https://oscimg.oschina.net/o", "publish": "2015-02-15T18:04:00", "mod_date": "2019-02-15", "category": 9, "view": 3, "author": "lghost", "picture": null, "tags": []}}, {"model": "blog.article", "pk": 17, "fields": {"title": "ddns \u52a8\u6001\u89e3\u6790 - \u963f\u91cc\u4e91api\u81ea\u52a8\u89e3\u6790\u5bb6\u7528\u670d\u52a1\u5668\u52a8\u6001ip", "body": "\u8fc7\u5e74\u56de\u8001\u5bb6\u529e\u4e86\u5e26\u5bbd\uff0c\u5927\u5bb6\u90fd\u77e5\u9053\u5bb6\u7528\u5e26\u5bbd\u662f\u6ca1\u6709\u56fa\u5b9aip\u7684\u4e00\u822c\u4f7f\u7528\u82b1\u751f\u58f3\u4e4b\u7c7b\u7684\u52a8\u6001\u89e3\u6790\u57df\u540d\uff1b\r\n\u4f46\u662f\u82b1\u751f\u58f3\u73b0\u5728\u4e0d\u597d\u7528\uff0c\u6211\u4f7f\u7528\u963f\u91cc\u4e91api\u52a8\u6001\u89e3\u6790\u7684\u65b9\u6848\u3002\r\n\r\n\r\n\u73af\u5883\uff1a\r\n\u8001\u5bb6\u670d\u52a1\u5668(Linux\u4e3b\u673a)\r\nvps\u56fd\u5916\u670d\u52a1\u5668\r\n\u963f\u91cc\u4e91\u8d26\u53f7\uff08\u542b\u4e07\u7f51\u57df\u540d\uff09\r\n\r\n## \u83b7\u53d6\u516c\u7f51ip\r\n\r\n**Linux\u547d\u4ee4\u8fd4\u56de\u5730\u5740**\r\n\r\n`curl  ipinfo.io`\r\n\r\n**nginx\u8fd4\u56deip\u5730\u5740\uff08vps**\r\n```\r\nserver {\r\n    server_name attacker.club blog.attacker.club www.attacker.club;\r\n    root /www/django/blog;\r\n\r\n\r\nlocation /getip {\r\ndefault_type application/json;\r\nreturn 200 '{\"date\":\"$time_local\",\"ip\":\"$remote_addr\",\"type\":\"nginx json\"}';\r\n}\r\n\r\n}\r\n\r\n# http://attacker.club/getip\r\n```\r\n### crontab \u8ba1\u5212\u4efb\u52a1\uff08\u5bb6\u91cc\u4e3b\u673a\uff09\r\n```\r\ncrontab -e\r\n* */6  * * * curl -s  attacker.club/getip\r\n#  \u6bcf\u59296\u70b9\u8bf7\u6c42\u4e00\u6b21vps\u8bb0\u5f55\uff0c\u7528\u4e8e\u624b\u52a8\u8ffd\u8e2a\r\n```\r\n\r\n## \u57df\u540d\u89e3\u6790\r\n\r\n**\u6307\u5b9addns\u57df\u540d**\r\n```\r\nddns.attacker.club\r\n# a\u8bb0\u5f55\u5230\u4efb\u610f\u5730\u5740\u4e0a(\u540e\u9762\u901a\u8fc7\u963f\u91ccsdk\u81ea\u52a8\u66f4\u65b0\u5730\u5740);\u5176\u4ed6\u57df\u540d\u53efcname\u5230ddns\u4e3b\u673a\u8fd9\u6761\u8bb0\u5f55\r\n```\r\n## \u7aef\u53e3\u6620\u5c04\u76f8\u5173\r\n**\u5929\u7ffc\u7f51\u5173 (\u9ed8\u8ba4\u4e0d\u884c)**\r\n\u9ed8\u8ba4\u8def\u7531\u6a21\u5f0f\u6620\u5c04\u4e0d\u751f\u6548;\u6211\u81ea\u5df1\u4e5f\u662f\u4e00\u6ce2\u4e09\u6298\uff0c\u6839\u636e\u7f51\u53cb\u7684\u65b9\u6cd5\u5c06\u5149\u732b\u6539\u6210`\u6865\u63a5`\u6a21\u5f0f\uff0c\u8981\u56de\u4e86pppoe\u62e8\u53f7\u5bc6\u7801\uff0c\u5728\u5355\u72ec\u4e70\u7684\u65e0\u7ebf\u8def\u7531\u5668\u4e0a\u62e8\u53f7\uff1b\u7136\u800c\u867d\u7136\u6210\u529f\u62e8\u53f7\u4e0a\u7f51\uff0c\u83b7\u53d6\u7684\u5374\u662f10.XX\u6bb5\u79c1\u7f51\u5730\u5740\uff1b\u8054\u7cfb10000\u7535\u4fe1\u6700\u7ec8\u83b7\u53d6\u5230\u5916\u7f51ip\r\n- \u8bbe\u7f6eTPlink\u62e8\u53f7\u4e0a\u7f51\r\n- \u8bbe\u7f6e\u7aef\u53e3\u6620\u5c04\r\n\r\n```\r\ntail  /usr/local/nginx/logs/attacker.log|grep getip|tail -1\r\n# vps\u67e5\u770bnginx\u65e5\u5fd7\r\n```\r\n![](https://oscimg.oschina.net/oscnet/d8ad5e6081066bd20191ecaae6afaa83211.jpg)\r\n\r\n\r\n\r\n### ssh\u53cd\u5411\u96a7\u9053\u6620\u5c04\uff08\u53e6\u7c7b\u65b9\u5f0f\uff09\r\n```\r\nssh -p55555  root@attacker.club  -qngfNTR 666:127.0.0.1:22\r\n# \u5bb6\u5ead\u4e3b\u673a\u53d1\u8d77\u96a7\u9053 (\u5efa\u8bae\u7528\u5bc6\u94a5\u514d\u5bc6\u7801+\u8ba1\u5212\u4efb\u52a1)\r\n\r\nssh -p666  root@127.0.0.1\r\n# vps\u4e3b\u673assh\u672c\u5730666\u7aef\u53e3 \u8fde\u63a5\u5230\u5bb6\u4e2d\u4e3b\u673a\r\n```\r\nssh.sh #\u6bcf\u5929\u5b9a\u65f6\u4efb\u52a1\r\n```\r\n#!/bin/bash\r\n\r\nps aux|grep -v awk |awk   '/ngfNTR/ {print $2}'|xargs kill -9\r\nssh -p55555 root@attacker.club -qngfNTR 666:127.0.0.1:22\r\n```\r\n![](https://oscimg.oschina.net/oscnet/8627ae8fc9910182386be0086c410303bd4.jpg)\r\n\r\n## \u963f\u91cc\u4e91 sdk\u6388\u6743\r\n**\u6743\u9650accesskeys**\r\n\r\n\u56fe1\r\n\r\n![](https://oscimg.oschina.net/oscnet/a535dd4dbaab12ec99198b1e29806ccf406.jpg)\r\n\r\n\u56fe2\r\n\r\n![](https://oscimg.oschina.net/oscnet/6948a826cfd47a5f9792299015482ca9027.jpg)\r\n\r\n\u56fe3\r\n\r\n![](https://oscimg.oschina.net/oscnet/c314c1e82d2e42216fa138a121fd4fb11d6.jpg)\r\n\r\n## python\u8c03\u7528 API\r\n![](https://oscimg.oschina.net/oscnet/00b61d06462afcba0d0afb01d7dc0de3c87.jpg)\r\n\r\ndig\u4e00\u4e0b\u67e5\u770b\u89e3\u6790\u662f\u5426\u6210\u529f\r\n```\r\ndig ddns.attacker.club  @223.5.5.5 | grep IN\r\n```\r\ncrontab -e #\u6bcf\u5929\u5b9a\u65f6\u66f4\u65b0\u4efb\u52a1\r\n```\r\n0 */7 * * * cd /opt/aliyun_ddns  && python3 DDNS.py\r\n```\r\n\u65b0\u589e\u57df\u540d\u4f7f\u7528cname\r\n\r\n![](https://oscimg.oschina.net/oscnet/b58c40c06c9d81f0673bd0e1ada29dea93b.jpg)\r\n\r\n\u6d4b\u8bd5\r\n\r\n![](https://oscimg.oschina.net/oscnet/f3a2ad78847d7ecf534a1b0a8780db32b81.jpg)\r\n\r\n----\r\n\u53c2\u8003\r\nhttps://blog.csdn.net/mgsky1/article/details/80466840", "digest": "\u8fc7\u5e74\u56de\u8001\u5bb6\u529e\u4e86\u5e26\u5bbd\uff0c\u5927\u5bb6\u90fd\u77e5\u9053\u5bb6\u7528\u5e26\u5bbd\u662f\u6ca1\u6709\u56fa\u5b9aip\u7684\u4e00\u822c\u4f7f\u7528\u82b1\u751f\u58f3\u4e4b\u7c7b\u7684\u52a8\u6001\u89e3\u6790\u57df\u540d\uff1b\r\n\u4f46\u662f\u82b1\u751f\u58f3\u73b0\u5728\u4e0d\u597d\u7528\uff0c\u6211\u4f7f\u7528\u963f\u91cc\u4e91api\u52a8\u6001\u89e3\u6790\u7684\u65b9\u6848\u3002\r\n\r\n\r\n", "publish": "2019-02-15T18:08:00", "mod_date": "2019-02-18", "category": 9, "view": 23, "author": "lghost", "picture": null, "tags": [2]}}, {"model": "blog.article", "pk": 18, "fields": {"title": "day2\u7ec3\u4e60\u9898", "body": "\u6587\u4ef6\u5904\u7406\u76f8\u5173\r\n\u7f16\u7801\u95ee\u9898\r\n\r\n\u8bf7\u8bf4\u660epython2 \u4e0epython3\u4e2d\u7684\u9ed8\u8ba4\u7f16\u7801\u662f\u4ec0\u4e48\uff1f\r\n```\r\n#\u7b54\uff1a`python2 \u9ed8\u8ba4ascii,python3 \u9ed8\u8ba4utf-8`\r\npy2\u901a\u8fc7\u67e5\u770b\u9ed8\u8ba4\u7f16\u7801:`sys.getdefaultencoding()`\u548c\r\n\u4fee\u6539\u9ed8\u8ba4\u7f16\u7801:`reload(sys)`\u3001`sys.setdefaultencoding('utf8') `\r\n```\r\n\r\n\u4e3a\u4ec0\u4e48\u4f1a\u51fa\u73b0\u4e2d\u6587\u4e71\u7801\uff1f\u4f60\u80fd\u5217\u4e3e\u51fa\u73b0\u4e71\u7801\u7684\u60c5\u51b5\u6709\u54ea\u51e0\u79cd\uff1f\r\n\r\n\r\n\u5982\u4f55\u8fdb\u884c\u7f16\u7801\u8f6c\u6362\uff1f\r\n```\r\n#\u7b54 :\u5b57\u7b26\u4e32\u5728python\u5185\u90e8\u4e2d\u662f\u91c7\u7528unicode\u7684\u7f16\u7801\u65b9\u5f0f\uff0c\u6240\u4ee5\u5176\u4ed6\u8bed\u8a00\u5148decode\u8f6c\u6362\u6210unicode\u7f16\u7801\r\n```\r\n\r\n```\r\n#-*-coding:utf-8-*- \u7684\u4f5c\u7528\u662f\u4ec0\u4e48\uff1f\r\n```\r\n```\r\n#\u7b54: \u7f16\u7801\u58f0\u660e\r\n```\r\n\r\n\u89e3\u91capy2 bytes vs py3 bytes\u7684\u533a\u522b\r\n```\r\n#\u7b54: Python 2 \u5c06 strings \u5904\u7406\u4e3a\u539f\u751f\u7684 bytes \u7c7b\u578b\r\n Python 3 \u6240\u6709\u7684 strings \u5747\u662f unicode \u7c7b\u578b;str\u5b57\u7b26\u4e32\u548cbytes\u4e8c\u8fdb\u5236\u6570\u636e\u6d41\u533a\u5206\r\n```\r\n\r\n\u6587\u4ef6\u5904\u7406\r\n\r\nr\u548crb\u7684\u533a\u522b\u662f\u4ec0\u4e48\uff1f\r\n\u89e3\u91ca\u4e00\u4e0b\u4ee5\u4e0b\u4e09\u4e2a\u53c2\u6570\u7684\u5206\u522b\u4f5c\u7528\r\n open(f_name,'r',encoding=\"utf-8\")\r\n\u51fd\u6570\u57fa\u7840\uff1a\r\n\u5199\u51fd\u6570\uff0c\u8ba1\u7b97\u4f20\u5165\u6570\u5b57\u53c2\u6570\u7684\u548c\u3002\uff08\u52a8\u6001\u4f20\u53c2\uff09\r\n\u5199\u51fd\u6570\uff0c\u7528\u6237\u4f20\u5165\u4fee\u6539\u7684\u6587\u4ef6\u540d\uff0c\u4e0e\u8981\u4fee\u6539\u7684\u5185\u5bb9\uff0c\u6267\u884c\u51fd\u6570\uff0c\u5b8c\u6210\u6574\u4e2a\u6587\u4ef6\u7684\u6279\u91cf\u4fee\u6539\u64cd\u4f5c\r\n\u5199\u51fd\u6570\uff0c\u68c0\u67e5\u7528\u6237\u4f20\u5165\u7684\u5bf9\u8c61\uff08\u5b57\u7b26\u4e32\u3001\u5217\u8868\u3001\u5143\u7ec4\uff09\u7684\u6bcf\u4e00\u4e2a\u5143\u7d20\u662f\u5426\u542b\u6709\u7a7a\u5185\u5bb9\u3002\r\n\u5199\u51fd\u6570\uff0c\u68c0\u67e5\u4f20\u5165\u5b57\u5178\u7684\u6bcf\u4e00\u4e2avalue\u7684\u957f\u5ea6,\u5982\u679c\u5927\u4e8e2\uff0c\u90a3\u4e48\u4ec5\u4fdd\u7559\u524d\u4e24\u4e2a\u957f\u5ea6\u7684\u5185\u5bb9\uff0c\u5e76\u5c06\u65b0\u5185\u5bb9\u8fd4\u56de\u7ed9\u8c03\u7528\u8005\u3002\r\n\r\ndic = {\"k1\": \"v1v1\", \"k2\": [11,22,33,44]}\r\nPS:\u5b57\u5178\u4e2d\u7684value\u53ea\u80fd\u662f\u5b57\u7b26\u4e32\u6216\u5217\u8868\r\n\u89e3\u91ca\u95ed\u5305\u7684\u6982\u5ff5\r\n\r\n\u51fd\u6570\u8fdb\u9636\uff1a\r\n\u5199\u51fd\u6570\uff0c\u8fd4\u56de\u4e00\u4e2a\u6251\u514b\u724c\u5217\u8868\uff0c\u91cc\u9762\u670952\u9879\uff0c\u6bcf\u4e00\u9879\u662f\u4e00\u4e2a\u5143\u7ec4\r\n\u4f8b\u5982\uff1a[(\u2018\u7ea2\u5fc3\u2019\uff0c2),(\u2018\u8349\u82b1\u2019\uff0c2), \u2026(\u2018\u9ed1\u6843A\u2019)]\r\n\u5199\u51fd\u6570\uff0c\u4f20\u5165n\u4e2a\u6570\uff0c\u8fd4\u56de\u5b57\u5178{\u2018max\u2019:\u6700\u5927\u503c,\u2019min\u2019:\u6700\u5c0f\u503c}\r\n\r\n\u4f8b\u5982:min_max(2,5,7,8,4)\r\n\u8fd4\u56de:{\u2018max\u2019:8,\u2019min\u2019:2}\r\n\u5199\u51fd\u6570\uff0c\u4e13\u95e8\u8ba1\u7b97\u56fe\u5f62\u7684\u9762\u79ef\r\n\r\n\u5176\u4e2d\u5d4c\u5957\u51fd\u6570\uff0c\u8ba1\u7b97\u5706\u7684\u9762\u79ef\uff0c\u6b63\u65b9\u5f62\u7684\u9762\u79ef\u548c\u957f\u65b9\u5f62\u7684\u9762\u79ef\r\n\u8c03\u7528\u51fd\u6570area(\u2018\u5706\u5f62\u2019,\u5706\u534a\u5f84) \u8fd4\u56de\u5706\u7684\u9762\u79ef\r\n\u8c03\u7528\u51fd\u6570area(\u2018\u6b63\u65b9\u5f62\u2019,\u8fb9\u957f) \u8fd4\u56de\u6b63\u65b9\u5f62\u7684\u9762\u79ef\r\n\u8c03\u7528\u51fd\u6570area(\u2018\u957f\u65b9\u5f62\u2019,\u957f\uff0c\u5bbd) \u8fd4\u56de\u957f\u65b9\u5f62\u7684\u9762\u79ef\r\ndef area():\r\n    def \u8ba1\u7b97\u957f\u65b9\u5f62\u9762\u79ef():\r\n        pass\r\n\r\n    def \u8ba1\u7b97\u6b63\u65b9\u5f62\u9762\u79ef():\r\n        pass\r\n\r\n    def \u8ba1\u7b97\u5706\u5f62\u9762\u79ef():\r\n        pass\r\n\u5199\u51fd\u6570\uff0c\u4f20\u5165\u4e00\u4e2a\u53c2\u6570n\uff0c\u8fd4\u56den\u7684\u9636\u4e58\r\n\r\n\u4f8b\u5982:cal(7)\r\n\u8ba1\u7b977*6*5*4*3*2*1\r\n\u7f16\u5199\u88c5\u9970\u5668\uff0c\u4e3a\u591a\u4e2a\u51fd\u6570\u52a0\u4e0a\u8ba4\u8bc1\u7684\u529f\u80fd\uff08\u7528\u6237\u7684\u8d26\u53f7\u5bc6\u7801\u6765\u6e90\u4e8e\u6587\u4ef6\uff09\uff0c\u8981\u6c42\u767b\u5f55\u6210\u529f\u4e00\u6b21\uff0c\u540e\u7eed\u7684\u51fd\u6570\u90fd\u65e0\u9700\u518d\u8f93\u5165\u7528\u6237\u540d\u548c\u5bc6\u7801\r\n\r\n\u751f\u6210\u5668\u548c\u8fed\u4ee3\u5668\r\n\u751f\u6210\u5668\u548c\u8fed\u4ee3\u5668\u7684\u533a\u522b\uff1f\r\n\u751f\u6210\u5668\u6709\u51e0\u79cd\u65b9\u5f0f\u83b7\u53d6value\uff1f\r\n\u901a\u8fc7\u751f\u6210\u5668\u5199\u4e00\u4e2a\u65e5\u5fd7\u8c03\u7528\u65b9\u6cd5\uff0c \u652f\u6301\u4ee5\u4e0b\u529f\u80fd\r\n\r\n\u6839\u636e\u6307\u4ee4\u5411\u5c4f\u5e55\u8f93\u51fa\u65e5\u5fd7\r\n\u6839\u636e\u6307\u4ee4\u5411\u6587\u4ef6\u8f93\u51fa\u65e5\u5fd7\r\n\u6839\u636e\u6307\u4ee4\u540c\u65f6\u5411\u6587\u4ef6&\u5c4f\u5e55\u8f93\u51fa\u65e5\u5fd7\r\n\u4ee5\u4e0a\u65e5\u5fd7\u683c\u5f0f\u5982\u4e0b\r\n\r\n2017-10-19 22:07:38 [1] test log db backup 3\r\n2017-10-19 22:07:40 [2]    user alex login success \r\n#\u6ce8\u610f\uff1a\u5176\u4e2d[1],[2]\u662f\u6307\u81ea\u65e5\u5fd7\u65b9\u6cd5\u7b2c\u51e0\u6b21\u8c03\u7528\uff0c\u6bcf\u8c03\u7528\u4e00\u6b21\u8f93\u51fa\u4e00\u6761\u65e5\u5fd7\r\n\u4ee3\u7801\u7ed3\u6784\u5982\u4e0b\r\n\r\n def logger(filename,channel='file'):\r\n    \"\"\"\r\n    \u65e5\u5fd7\u65b9\u6cd5\r\n    :param filename: log filename\r\n    :param channel: \u8f93\u51fa\u7684\u76ee\u7684\u5730\uff0c\u5c4f\u5e55(terminal)\uff0c\u6587\u4ef6(file)\uff0c\u5c4f\u5e55+\u6587\u4ef6(both)\r\n    :return:\r\n    \"\"\"\r\n    ...your code...\r\n\r\n #\u8c03\u7528\r\n log_obj = logger(filename=\"web.log\",channel='both')\r\n log_obj.__next__()\r\n log_obj.send('user alex login success')\r\n\u5185\u7f6e\u51fd\u6570\r\n\u7528map\u6765\u5904\u7406\u5b57\u7b26\u4e32\u5217\u8868,\u628a\u5217\u8868\u4e2d\u6240\u6709\u4eba\u90fd\u53d8\u6210sb,\u6bd4\u65b9alex_sb\r\n\r\nname=['alex','wupeiqi','yuanhao','nezha']\r\n\u7528filter\u51fd\u6570\u5904\u7406\u6570\u5b57\u5217\u8868\uff0c\u5c06\u5217\u8868\u4e2d\u6240\u6709\u7684\u5076\u6570\u7b5b\u9009\u51fa\u6765\r\n\r\nnum = [1,3,5,6,7,8]\r\n\u5982\u4e0b\uff0c\u6bcf\u4e2a\u5c0f\u5b57\u5178\u7684name\u5bf9\u5e94\u80a1\u7968\u540d\u5b57\uff0cshares\u5bf9\u5e94\u591a\u5c11\u80a1\uff0cprice\u5bf9\u5e94\u80a1\u7968\u7684\u4ef7\u683c\r\n\r\nportfolio = [\r\n    {'name': 'IBM', 'shares': 100, 'price': 91.1},\r\n    {'name': 'AAPL', 'shares': 50, 'price': 543.22},\r\n    {'name': 'FB', 'shares': 200, 'price': 21.09},\r\n    {'name': 'HPQ', 'shares': 35, 'price': 31.75},\r\n    {'name': 'YHOO', 'shares': 45, 'price': 16.35},\r\n    {'name': 'ACME', 'shares': 75, 'price': 115.65}\r\n]\r\n\u8ba1\u7b97\u8d2d\u4e70\u6bcf\u652f\u80a1\u7968\u7684\u603b\u4ef7\r\n\r\n\u7528filter\u8fc7\u6ee4\u51fa\uff0c\u5355\u4ef7\u5927\u4e8e100\u7684\u80a1\u7968\u6709\u54ea\u4e9b\r\n\r\n1\u3001\u8bf7\u5206\u522b\u4ecb\u7ecd\u6587\u4ef6\u64cd\u4f5c\u4e2d\u4e0d\u540c\u7684\u6253\u5f00\u65b9\u5f0f\u4e4b\u95f4\u7684\u533a\u522b\uff1a\r\n\r\n![](https://oscimg.oschina.net/oscnet/5cc6423c6b7a2b93b59f997f110dcba2a2c.jpg)\r\n\r\n\r\n2\u3001\u6709\u5217\u8868 li = ['alex', 'egon', 'smith', 'pizza', 'alen'], \u8bf7\u5c06\u4ee5\u5b57\u6bcd\u201ca\u201d\u5f00\u5934\u7684\u5143\u7d20\u7684\u9996\u5b57\u6bcd\u6539\u4e3a\u5927\u5199\u5b57\u6bcd\uff1b\r\n\r\n3\u3001\u6709\u5982\u4e0b\u7a0b\u5e8f, \u8bf7\u7ed9\u51fa\u4e24\u6b21\u8c03\u7528show_num\u51fd\u6570\u7684\u6267\u884c\u7ed3\u679c\uff0c\u5e76\u8bf4\u660e\u4e3a\u4ec0\u4e48\uff1a\r\n\r\n   num = 20\r\n\r\n   def show_num(x=num):\r\n       print(x)\r\n\r\n   show_num()\r\n\r\n   num = 30\r\n\r\n   show_num()\r\n4\u3001\u6709\u5217\u8868 li = ['alex', 'egon', 'smith', 'pizza', 'alen'], \u8bf7\u4ee5\u5217\u8868\u4e2d\u6bcf\u4e2a\u5143\u7d20\u7684\u7b2c\u4e8c\u4e2a\u5b57\u6bcd\u5012\u5e8f\u6392\u5e8f\uff1b\r\n\r\n5\u3001\u6709\u540d\u4e3apoetry.txt\u7684\u6587\u4ef6\uff0c\u5176\u5185\u5bb9\u5982\u4e0b\uff0c\u8bf7\u5220\u9664\u7b2c\u4e09\u884c\uff1b\r\n\r\n   \u6614\u4eba\u5df2\u4e58\u9ec4\u9e64\u53bb\uff0c\u6b64\u5730\u7a7a\u4f59\u9ec4\u9e64\u697c\u3002\r\n\r\n   \u9ec4\u9e64\u4e00\u53bb\u4e0d\u590d\u8fd4\uff0c\u767d\u4e91\u5343\u8f7d\u7a7a\u60a0\u60a0\u3002\r\n\r\n   \u6674\u5ddd\u5386\u5386\u6c49\u9633\u6811\uff0c\u82b3\u8349\u840b\u840b\u9e66\u9e49\u6d32\u3002\r\n\r\n   \u65e5\u66ae\u4e61\u5173\u4f55\u5904\u662f\uff1f\u70df\u6ce2\u6c5f\u4e0a\u4f7f\u4eba\u6101\u3002\r\n6\u3001\u6709\u540d\u4e3ausername.txt\u7684\u6587\u4ef6\uff0c\u5176\u5185\u5bb9\u683c\u5f0f\u5982\u4e0b\uff0c\u5199\u4e00\u4e2a\u7a0b\u5e8f\uff0c\u5224\u65ad\u8be5\u6587\u4ef6\u4e2d\u662f\u5426\u5b58\u5728\"alex\", \u5982\u679c\u6ca1\u6709\uff0c\u5219\u5c06\u5b57\u7b26\u4e32\"alex\"\u6dfb\u52a0\u5230\u8be5\u6587\u4ef6\u672b\u5c3e\uff0c\u5426\u5219\u63d0\u793a\u7528\u6237\u8be5\u7528\u6237\u5df2\u5b58\u5728\uff1b\r\n\r\n   pizza\r\n   alex\r\n   egon\r\n7\u3001\u6709\u540d\u4e3auser_info.txt\u7684\u6587\u4ef6\uff0c\u5176\u5185\u5bb9\u683c\u5f0f\u5982\u4e0b\uff0c\u5199\u4e00\u4e2a\u7a0b\u5e8f\uff0c\u5220\u9664id\u4e3a100003\u7684\u884c\uff1b\r\n\r\n   pizza,100001\r\n   alex, 100002\r\n   egon, 100003\r\n8\u3001\u6709\u540d\u4e3auser_info.txt\u7684\u6587\u4ef6\uff0c\u5176\u5185\u5bb9\u683c\u5f0f\u5982\u4e0b\uff0c\u5199\u4e00\u4e2a\u7a0b\u5e8f\uff0c\u5c06id\u4e3a100002\u7684\u7528\u6237\u540d\u4fee\u6539\u4e3aalex li\uff1b\r\n\r\n   pizza,100001\r\n   alex, 100002\r\n   egon, 100003\r\n9\u3001\u5199\u4e00\u4e2a\u8ba1\u7b97\u6bcf\u4e2a\u7a0b\u5e8f\u6267\u884c\u65f6\u95f4\u7684\u88c5\u9970\u5668\uff1b\r\n\r\n10\u3001lambda\u662f\u4ec0\u4e48\uff1f\u8bf7\u8bf4\u8bf4\u4f60\u66fe\u5728\u4ec0\u4e48\u573a\u666f\u4e0b\u4f7f\u7528lambda\uff1f\r\n\r\n11\u3001\u9898\u76ee\uff1a\u5199\u4e00\u4e2a\u6447\u9ab0\u5b50\u6e38\u620f\uff0c\u8981\u6c42\u7528\u6237\u538b\u5927\u5c0f\uff0c\u8d54\u7387\u4e00\u8d54\u4e00\u3002\r\n\r\n\u8981\u6c42\uff1a\u4e09\u4e2a\u9ab0\u5b50\uff0c\u6447\u5927\u5c0f\uff0c\u6bcf\u6b21\u6253\u5370\u6447\u9ab0\u5b50\u6570\u3002\r\n\r\n\u4f5c\u4e1a\r\n\u73b0\u8981\u6c42\u4f60\u5199\u4e00\u4e2a\u7b80\u5355\u7684\u5458\u5de5\u4fe1\u606f\u589e\u5220\u6539\u67e5\u7a0b\u5e8f\uff0c\u9700\u6c42\u5982\u4e0b\uff1a\r\n\r\n![](https://oscimg.oschina.net/oscnet/9d1c01c762d9a2c540f4baa4045f38122bb.jpg)\r\n\r\n\u5f53\u7136\u6b64\u8868\u4f60\u5728\u6587\u4ef6\u5b58\u50a8\u65f6\u53ef\u4ee5\u8fd9\u6837\u8868\u793a\r\n\r\n1,Alex Li,22,13651054608,IT,2013-04-01\r\n2,Jack Wang,28,13451024608,HR,2015-01-07\r\n3,Rain Wang,21,13451054608,IT,2017-04-01\r\n4,Mack Qiao,44,15653354208,Sales,2016-02-01\r\n5,Rachel Chen,23,13351024606,IT,2013-03-16\r\n6,Eric Liu,19,18531054602,Marketing,2012-12-01\r\n7,Chao Zhang,21,13235324334,Administration,2011-08-08\r\n8,Kevin Chen,22,13151054603,Sales,2013-04-01\r\n9,Shit Wen,20,13351024602,IT,2017-07-03\r\n10,Shanshan Du,26,13698424612,Operation,2017-07-02\r\n1.\u53ef\u8fdb\u884c\u6a21\u7cca\u67e5\u8be2\uff0c\u8bed\u6cd5\u81f3\u5c11\u652f\u6301\u4e0b\u97623\u79cd\u67e5\u8be2\u8bed\u6cd5:\r\n\r\nfind name,age from staff_table where age > 22\r\n\r\nfind * from staff_table where dept = \"IT\"\r\n\r\nfind * from staff_table where enroll_date like \"2013\"\r\n2.\u53ef\u521b\u5efa\u65b0\u5458\u5de5\u7eaa\u5f55\uff0c\u4ee5phone\u505a\u552f\u4e00\u952e(\u5373\u4e0d\u5141\u8bb8\u8868\u91cc\u6709\u624b\u673a\u53f7\u91cd\u590d\u7684\u60c5\u51b5)\uff0cstaff_id\u9700\u81ea\u589e\r\n\r\n\u8bed\u6cd5: add staff_table Alex Li,25,134435344,IT,2015-10-29\r\n3.\u53ef\u5220\u9664\u6307\u5b9a\u5458\u5de5\u4fe1\u606f\u7eaa\u5f55\uff0c\u8f93\u5165\u5458\u5de5id\uff0c\u5373\u53ef\u5220\u9664\r\n\r\n\u8bed\u6cd5: del from staff_table where  id=3\r\n4.\u53ef\u4fee\u6539\u5458\u5de5\u4fe1\u606f\uff0c\u8bed\u6cd5\u5982\u4e0b:\r\n\r\nUPDATE staff_table SET dept=\"Market\" WHERE  dept = \"IT\" \u628a\u6240\u6709dept=IT\u7684\u7eaa\u5f55\u7684dept\u6539\u6210Market\r\nUPDATE staff_table SET age=25 WHERE  name = \"Alex Li\"  \u628aname=Alex Li\u7684\u7eaa\u5f55\u7684\u5e74\u9f84\u6539\u621025\r\n5.\u4ee5\u4e0a\u6bcf\u6761\u8bed\u540d\u6267\u884c\u5b8c\u6bd5\u540e\uff0c\u8981\u663e\u793a\u8fd9\u6761\u8bed\u53e5\u5f71\u54cd\u4e86\u591a\u5c11\u6761\u7eaa\u5f55\u3002 \u6bd4\u5982\u67e5\u8be2\u8bed\u53e5 \u5c31\u663e\u793a \u67e5\u8be2\u51fa\u4e86\u591a\u5c11\u6761\u3001\u4fee\u6539\u8bed\u53e5\u5c31\u663e\u793a\u4fee\u6539\u4e86\u591a\u5c11\u6761\u7b49\u3002\r\n\r\n\u6ce8\u610f\uff1a\u4ee5\u4e0a\u9700\u6c42\uff0c\u8981\u5145\u5206\u4f7f\u7528\u51fd\u6570\uff0c\u8bf7\u5c3d\u4f60\u7684\u6700\u5927\u9650\u5ea6\u6765\u51cf\u5c11\u91cd\u590d\u4ee3\u7801\uff01", "digest": "\u6587\u4ef6\u5904\u7406\u76f8\u5173\r\n\u7f16\u7801\u95ee\u9898\r\n\r\n\u8bf7\u8bf4\u660epython2 \u4e0epython3\u4e2d\u7684\u9ed8\u8ba4\u7f16\u7801\u662f\u4ec0\u4e48\uff1f\r\n```\r\n#\u7b54\uff1a`python2 \u9ed8\u8ba4ascii,python3 ", "publish": "2019-01-18T15:09:00", "mod_date": "2019-02-18", "category": 11, "view": 12, "author": "lghost", "picture": null, "tags": []}}, {"model": "blog.article", "pk": 19, "fields": {"title": "\u5feb\u901f\u90e8\u7f72django\u535a\u5ba2\u7cfb\u7edf", "body": "\u73af\u5883:\r\n- python3\r\n- django2\r\n- markdown\r\n- sqlite3\r\n\r\n\r\n\r\n### \u90e8\u7f72\u521d\u59cb\u5316\r\n\r\n```\r\ngit clone https://gitee.com/attacker/LJblog && cd LJblog\r\n# \u4e0b\u8f7dblog\u9879\u76ee\r\npython3 -m venv env_django && source env_django/bin/activate\r\n# \u8bbe\u7f6epy3\u73af\u5883\r\n```\r\n```\r\npip  install -i http://mirrors.aliyun.com/pypi/simple  --trusted-host mirrors.aliyun.com  -r requirements.txt\r\n#\u5b89\u88c5pip\u5305(\u963f\u91cc\u6e90)\r\n```\r\n```\r\npython manage.py makemigrations \r\n#\u4e3a\u6539\u52a8models\u521b\u5efa\u8fc1\u79fb\u8bb0\u5f55\r\npython manage.py migrate \r\n#\u540c\u6b65\u6570\u636e\u5e93\r\npython manage.py  createsuperuser\r\n#\u5efa\u7acb\u540e\u53f0\u7ba1\u7406\u5458\u5e10\u53f7\r\npython manage.py runserver\r\n#\u542f\u52a8\u670d\u52a1\r\n```\r\n----\r\n\r\n![\u9996\u9875](https://gitee.com/attacker/LJblog/raw/master/doc/index.jpg)", "digest": "\u73af\u5883:\r\n- python3\r\n- django2\r\n- markdown\r\n- sqlite3\r\n\r\n\r\n\r\n### \u90e8\u7f72\u521d\u59cb\u5316\r\n\r\n```\r\ngit cl", "publish": "2019-02-19T07:28:00", "mod_date": "2019-02-19", "category": 2, "view": 10, "author": "lghost", "picture": null, "tags": [4]}}, {"model": "blog.article", "pk": 20, "fields": {"title": "\u5feb\u901f\u67e5\u770b\u670d\u52a1\u5668\u5f53\u524d\u6027\u80fd\u53ca\u6545\u969c\u5b9a\u4f4d", "body": "\u9002\u5e94\u73af\u5883\r\n- Linux\r\n\r\n\r\n\r\n### \u8fde\u901a\u6027\r\n`curl ip.cn`\u548c `curl ipinfo.io`\u4ee5\u53ca`attacker.club/getip` #\u67e5\u770b\u51fa\u53e3ip\r\nping 202.96.134.134 |awk '{print $0\"\\t\" strftime(\"%H:%M:%S\",systime())}' # ping\u68c0\u6d4b\r\n\r\n###  \u7cfb\u7edf\u57fa\u7840\u547d\u4ee4\r\n```\r\ntop   --> m #\u5185\u5b58\r\ntop   --> 1   #cpu\r\ntop -Hp pid   # \u770b\u5177\u4f53\u7ebf\u7a0b\u8d1f\u8f7d\r\n\r\nuptime --> #\u8d1f\u8f7d\r\n\r\ndstat -ndy --top-mem --top-cpu --top-io  -t #\u67e5\u770b\u5173\u952e\u6027\u80fdio\r\n```\r\nsystem\uff1aint\u3001csw\r\n\r\n\r\n###  \u7cfb\u7edf\u5e76\u53d1\u8fde\u63a5\u67e5\u770b\r\n```\r\nnetstat -an | awk '/^tcp/ {print $6}'|sort |uniq -c|sort -n\r\nss -ant | awk '{++s[$1]} END {for(k in s) print k,s[k]}'\r\n#\u67e5\u770b\u5f53\u524dTCP\u8fde\u63a5\u72b6\u6001\uff1bss\u66f4\u5feb\r\n\r\nss -an|awk '{print $5}'|awk -F: '{print $1}'|sort|egrep -o '[0-9]{1,3}(\\.[0-9]{1,3}){3}'|uniq -c|sort -nr|head -n 10\r\n#\u67e5\u770b\u5e76\u53d1\u6700\u591a\u7684\u72ec\u7acbIP\uff0c\u53d6\u5176\u524d10\u4e2a\uff1bsort\u6392\u5e8f \u53c2\u6570nr\u4e2dn\u662f\u6309\u7167\u6392\u5e8f\u5927\u5c0f\uff0cr\u662f\u53cd\u5411\u6392\u5e8f\u3002uniq -c\u8ba1\u6570\u663e\u793a\r\n\r\nnetstat -n|grep TIME_WAIT|awk  '{print $5}'|awk -F: '{print $1}' |sort|uniq -c|sort -rn|head -n5\r\n#\u67e5\u770b\u540e\u7aefTIME_WAIT\u4e3b\u673a\r\n\r\ntail  -1000 /var/log/httpd/access_log |awk '{print $NF}'|sort |uniq -c|sort -n\r\n#sort -k1n,k1\u662f\u7b2c\u4e00\u5217\uff1b\u5217\u51fa1000\u884c\u57df\u540d\u51fa\u73b0\u6b21\u6570\r\n```\r\n###  web\u8bbf\u95ee\u7edf\u8ba1\r\n\r\n```\r\nwatch 'netstat -an | egrep -w \"80|443\"|grep ESTABLISHED |wc -l'\r\n# \u670d\u52a1\u5e76\u53d1\u8fde\u63a5\r\n\r\n\r\nawk '$4 >=\"[04/Apr/2017:12:25:00\" && $4 <=\"[04/Apr/2017:12:26:00\"' blog.log \r\n#\u8fc7\u6ee4\u7b2c\u56db\u5217\u7684\u9879\uff0c\u8f93\u51fa\u5927\u4e8e\u7b49\u4e8e25\u5206\uff0c\u5c0f\u4e8e\u7b49\u4e8e26\u5206\u7684\u8bbf\u95ee\u65e5\u5fd7\r\n```\r\n\r\n## \u6545\u969c\u5b9a\u4f4d\r\n\r\n### \u7f51\u7edc\u6293\u5305\r\n```\r\ntcpdump  -i  eth0 host 43.225.180.226 tcp port 8888  -vv  -c 3  -w result.pcap #-vv \u5c4f\u5e55\u663e\u793a -c \u6293\u5305\u6b21\u6570 -w \u5199\u5165\u6570\u636e\u5230\u672c\u5730\r\n\r\ntcpdump -Z root -r src.pcap \"tcp port 22 and (tcp[tcpflags] & tcp-fin != 0)\" -w dst.pcap #\u8fc7\u6ee4\u51fa\u7aef\u53e3\u4e3a22\uff0c \u4e14\u542b\u6709 FIN \u6807\u8bb0\u7684\u6570\u636e\u5305\r\n\r\ntcpdump -i eth0 -s 0 -l -w out.log port 3306 | strings #\u5728\u6570\u636e\u5e93\u670d\u52a1\u5668\u662f\u901a\u8fc7tcpdump\u6293sql\u8bed\u53e5\r\n```\r\n### java\u7c7b\r\n** java OOM\uff0c\u5168\u79f0\u201cOut Of Memory\u201d**\uff1b\u5185\u5b58\u7528\u5b8c\u4e86\r\n```\r\n\u5185\u5b58\u6cc4\u9732\uff1a\u7533\u8bf7\u4f7f\u7528\u5b8c\u7684\u5185\u5b58\u6ca1\u6709\u91ca\u653e\uff0c\u5bfc\u81f4\u865a\u62df\u673a\u4e0d\u80fd\u518d\u6b21\u4f7f\u7528\u8be5\u5185\u5b58\uff0c\u6b64\u65f6\u8fd9\u6bb5\u5185\u5b58\u5c31\u6cc4\u9732\u4e86\uff0c\u56e0\u4e3a\u7533\u8bf7\u8005\u4e0d\u7528\u4e86\uff0c\u800c\u53c8\u4e0d\u80fd\u88ab\u865a\u62df\u673a\u5206\u914d\u7ed9\u522b\u4eba\u7528\u3002\r\n\u5185\u5b58\u6ea2\u51fa\uff1a\u7533\u8bf7\u7684\u5185\u5b58\u8d85\u51fa\u4e86JVM\u80fd\u63d0\u4f9b\u7684\u5185\u5b58\u5927\u5c0f\uff0c\u6b64\u65f6\u79f0\u4e4b\u4e3a\u6ea2\u51fa\u3002\r\n```\r\n\r\n```\r\njmap -heap java_pid #\u67e5\u770b\u8d44\u6e90\u4f7f\u7528\r\n```\r\n\r\n\r\n\u53c2\u8003\uff1a\r\nhttp://369369.blog.51cto.com/319630/792732/", "digest": "\u9002\u5e94\u73af\u5883\r\n- Linux\r\n\r\n\r\n\r\n### \u8fde\u901a\u6027\r\n`curl ip.cn`\u548c `curl ipinfo.io`\u4ee5\u53ca`attacker.club/get", "publish": "2017-03-31T09:48:00", "mod_date": "2019-02-19", "category": 9, "view": 2, "author": "lghost", "picture": null, "tags": [17, 18]}}, {"model": "blog.article", "pk": 21, "fields": {"title": "\u5e38\u7528\u6027\u80fd\u6d4b\u8bd5\u5de5\u5177\u6c47\u603b", "body": "# \u670d\u52a1\u5668\u5e26\u5bbd\u6d4b\u8bd5\r\n\r\n\r\n\r\n## iperf\u6d4b\u8bd5\u5e26\u5bbd\r\n    \r\n    wget -c  https://codeload.github.com/esnet/iperf/tar.gz/3.1.6 \r\n    tar zxvf  3.1.6\r\n    cd iperf*\r\n    yum install gcc\r\n    \r\n    ./configure --prefix=/usr/local/iperf\r\n    #\u6307\u5b9a\u5b89\u88c5\u8def\u5f84\r\n    make &&make install\r\n    #\u7f16\u8bd1\u5b89\u88c5\r\n    ln -s /usr/local/iperf/bin/iperf3  /usr/local/sbin/iperf\r\n    #\u5efa\u7acb\u8f6f\u8fde\u63a5\r\n\r\n### \u64cd\u4f5c\u5b9e\u4f8b\r\n\u670d\u52a1\u7aef\uff08\u9700\u8981\u6d4b\u8bd5\u7684\u4e3b\u673a\uff09:\r\n\r\n    iperf -s -B 115.236.73.xxx\r\n    #\u4f7f\u7528-B\u53c2\u6570\u53ef\u4ee5\u7ed1\u5b9a\u672c\u673a\u4e0a\u4e00\u4e2aip\u5730\u5740\uff0c-P \u53c2\u6570\u7528\u6765\u6307\u5b9a\u7aef\u53e3\r\n\r\n\u5ba2\u6237\u7aef:\r\n\r\n    iperf -d -t 600 -P 10  -c  \u76ee\u6807\u4e3b\u673a\r\n    #\uff08-d\u53c2\u6570\u540c\u6b65\u6d4b\u91cf\u53cc\u5411\u5e26\u5bbd-t \u53c2\u6570\u4f20\u8f93\u65f6\u95f410\u5206\u949f -P\u53c2\u6570 \u53d1\u8d7710\u4e2a\u8fde\u63a5\u7ebf\u7a0b \uff09\r\n\r\n**\u8dd148M\u5e26\u5bbd\u4f8b\u5b50:**\r\n\r\n![iperf.png][1]\r\n\r\n\r\n\r\n### \u8865\u5145\r\nUDP \u6a21\u5f0f \uff08\u9ed8\u8ba4tcp\u6a21\u5f0f\uff09\r\n\u670d\u52a1\u5668\u7aef    iperf -u -s\r\n\u5ba2\u6237\u7aef      iperf -u -c 192.168.1.1 -b 100M -t 60\r\n\u5728udp\u6a21\u5f0f\u4e0b\uff0c\u4ee5100Mbps\u4e3a\u6570\u636e\u53d1\u9001\u901f\u7387\uff0c\u5ba2\u6237\u7aef\u5230\u670d\u52a1\u5668192.168.1.1\u4e0a\u4f20\u5e26\u5bbd\u6d4b\u8bd5\uff0c\u6d4b\u8bd5\u65f6\u95f4\u4e3a60\u79d2\u3002\r\niperf -u -c 192.168.1.1 -b 5M -P 30 -t 60\r\n\u5ba2\u6237\u7aef\u540c\u65f6\u5411\u670d\u52a1\u5668\u7aef\u53d1\u8d7730\u4e2a\u8fde\u63a5\u7ebf\u7a0b\uff0c\u4ee55Mbps\u4e3a\u6570\u636e\u53d1\u9001\u901f\u7387\u3002\r\niperf -u -c 192.168.1.1 -b 100M -d -t 60\r\n\u4ee5100M\u4e3a\u6570\u636e\u53d1\u9001\u901f\u7387\uff0c\u8fdb\u884c\u4e0a\u4e0b\u884c\u5e26\u5bbd\u6d4b\u8bd5\u3002\r\n\r\n\r\n\r\n## speedtest\u6d4b\u8bd5\u5e26\u5bbd\r\n\r\n    wget https://raw.githubusercontent.com/sivel/speedtest-cli/master/speedtest.py && chmod  +x speedtest.py && ./speedtest.py\r\n\r\n\r\n----------\r\n\r\n\r\n# \u670d\u52a1\u5668\u786c\u76d8io\u6d4b\u8bd5\r\n\r\n## dd\u547d\u4ee4\r\n\r\n    dd if=/dev/zero of=test bs=8k count=256k conv=fdatasync\r\n    #dd\u547d\u4ee4\u6267\u884c\u5230\u6700\u540e\u4f1a\u771f\u6b63\u6267\u884c\u4e00\u6b21\u201c\u540c\u6b65(sync)\u201d\u64cd\u4f5c\uff0c\u5f97\u5230\u7684\u662f\u8bfb\u53d6\u8fd9128M\u6570\u636e\u5230\u5185\u5b58\u5e76\u5199\u5165\u5230\u78c1\u76d8\u4e0a\u6240\u9700\u7684\u65f6\u95f4\uff0c\u6bd4\u8f83\u7b26\u5408\u5b9e\u9645\u63a8\u8350\u4f7f\u7528\u3002\r\n    \r\n    dd if=/dev/zero of=test bs=64k count=4k oflag=dsync\r\n    #\u8fd9\u79cd\u65b9\u6cd5\u662f\u6700\u4e25\u683c\u7684\uff0c\u53ef\u4ee5\u6a21\u62df\u6570\u636e\u5e93\u7684\u63d2\u5165\u64cd\u4f5c\uff0c\u6240\u4ee5\u5f88\u6162\r\n\r\n# web\u670d\u52a1\u5668\u538b\u6d4b\r\n## wrk\r\n```\r\ngit clone https://github.com/wg/wrk\r\nmake\r\n# \u7f16\u8bd1\r\n\r\n\r\n./wrk -t12 -c400 -d30s http://10.0.1.4\r\n# \u6d4b\u8bd5\r\n```\r\n\r\n```\r\nRunning 30s test @ http://10.0.1.4\r\n  12 threads and 400 connections\r\n  Thread Stats   Avg      Stdev     Max   +/- Stdev\r\n    Latency    34.31ms   39.50ms 513.77ms   82.26%\r\n    Req/Sec     1.62k   474.14     6.51k    74.75%\r\n  581189 requests in 30.09s, 129.70MB read\r\nRequests/sec:  19315.33\r\nTransfer/sec:      4.31MB\r\n```\r\n\r\n![](https://oscimg.oschina.net/oscnet/69c7273a2e602fe7c6e45de0d8542bb067b.jpg)\r\n\r\n## ab\r\n```\r\nyum install -y httpd-tools\r\nab -c 10 -n 100  http://10.0.1.4/\r\n#\u5176\u4e2d-n\u8868\u793a\u8bf7\u6c42\u6570\uff0c-c\u8868\u793a\u5e76\u53d1\u6570\r\n```\r\n\r\n## jmeter\r\n\u5f85\u6574\u7406\r\n## LoadRunner\r\n\u5f85\u6574\u7406\r\n\r\n\r\n  [1]: http://ops.attacker.club/usr/uploads/2017/07/2815546492.png", "digest": "# \u670d\u52a1\u5668\u5e26\u5bbd\u6d4b\u8bd5\r\n\r\n\r\n\r\n## iperf\u6d4b\u8bd5\u5e26\u5bbd\r\n    \r\n    wget -c  https://codeload.github.com/es", "publish": "2017-03-01T10:08:00", "mod_date": "2019-02-19", "category": 9, "view": 2, "author": "lghost", "picture": null, "tags": [17]}}, {"model": "blog.article", "pk": 22, "fields": {"title": "\u524d\u7aef\u5de5\u5177 brackets", "body": "##  \u4e2d\u6587\r\nDebug -> Switch Language\r\n\r\n##W3C Validation \u8bed\u6cd5\u9519\u8bef\u68c0\u67e5\r\n\r\n## Beautify \u81ea\u52a8\u683c\u5f0f\u5316\r\n\u81ea\u52a8\u7ed9\u4f60\u683c\u5f0f\u5316 JavaScript\uff0cHTML\uff0cCSS \u7b49\u4ee3\u7801\u3002\u5728 \u7f16\u8f91 \u83dc\u5355\u4e0b\uff0c\u591a\u4e86\u4e24\u4e2a\u83dc\u5355\u9879\uff1aBeautify \u8fd8\u6709 Beautify On Save\u3002\r\n\r\n\r\n## \u5feb\u901f\u7f16\u8f91\u4ee3\u7801 - Emmet\r\n\r\nemmet \u53ef\u4ee5\u8ba9\u6211\u4eec\u4f7f\u7528\u7f16\u5199\u5f62\u5f0f\u53bb\u64b0\u5199 HTML \u4e0e CSS \u4ee3\u7801\uff0c\u975e\u5e38\u65b9\u4fbf\u3002\r\n\r\n\r\n## Themes\r\n\u83dc\u5355\u680f", "digest": "##  \u4e2d\u6587\r\nDebug -> Switch Language\r\n\r\n##W3C Validation \u8bed\u6cd5\u9519\u8bef\u68c0\u67e5\r\n\r\n## Beautify \u81ea\u52a8\u683c\u5f0f\u5316", "publish": "2018-04-23T10:10:00", "mod_date": "2019-02-19", "category": 1, "view": 0, "author": "lghost", "picture": null, "tags": [19]}}, {"model": "blog.article", "pk": 23, "fields": {"title": "shell\u811a\u672c\u52a0\u89e3\u5bc6\u5de5\u5177-SHC", "body": "**\u5b89\u88c5**\r\n\r\n```\r\nwget http://www.datsi.fi.upm.es/~frosal/sources/shc-3.8.9b.tgz\r\ntar zxvf shc-3.8.9b.tgz \r\ncd shc-3.8.9b\r\nmkdir -p /usr/local/man/man1/\r\nmake install\r\n#\u5b89\u88c5shc\u5230\u672c\u5730\r\n```\r\n\r\n**\u8fd0\u884c**\r\n\r\n```\r\nshc -r -T -e \"1/6/2017\" -m \"this file is expiration date.\" -f  CleanUp_ZabbixDB.sh\r\n#\u8bbe\u7f6e\u811a\u672c\u8fc7\u671f\u65f6\u95f4\r\n```\r\n\r\n-e date (\u6307\u5b9a\u8fc7\u671f\u65f6\u95f4)\r\n-m message  \uff08\u6307\u5b9a\u8fc7\u671f\u63d0\u793a\u7684\u4fe1\u606f\uff09\r\n-f  script_name \uff08\u6307\u5b9a\u8981\u7f16\u8bd1\u7684shell\u8def\u5f84\uff09\r\n-r  relax security  \uff08\u5728\u4e0d\u540c\u64cd\u4f5c\u7cfb\u7edf\u6267\u884c\uff09\r\n-v  Verbose compilation \uff08\u8f93\u51fa\u7f16\u8bd1\u7684\u8be6\u7ec6\u60c5\u51b5\uff09", "digest": "**\u5b89\u88c5**\r\n\r\n```\r\nwget http://www.datsi.fi.upm.es/~frosal/sources/shc-3.8.9b.tgz\r\nt", "publish": "2017-02-27T10:30:00", "mod_date": "2019-02-19", "category": 9, "view": 10, "author": "lghost", "picture": null, "tags": [20]}}, {"model": "comments.comment", "pk": 17, "fields": {"name": "\u4ee5\u8c01\u4e3a\u5e08", "email": "admin@attacker.club", "url": "http://attacker.club", "text": "\u6d4b\u8bd5", "created_time": "2019-02-13T22:27:56.064", "article": 2}}, {"model": "auth.permission", "pk": 1, "fields": {"name": "Can add log entry", "content_type": 1, "codename": "add_logentry"}}, {"model": "auth.permission", "pk": 2, "fields": {"name": "Can change log entry", "content_type": 1, "codename": "change_logentry"}}, {"model": "auth.permission", "pk": 3, "fields": {"name": "Can delete log entry", "content_type": 1, "codename": "delete_logentry"}}, {"model": "auth.permission", "pk": 4, "fields": {"name": "Can view log entry", "content_type": 1, "codename": "view_logentry"}}, {"model": "auth.permission", "pk": 5, "fields": {"name": "Can add permission", "content_type": 2, "codename": "add_permission"}}, {"model": "auth.permission", "pk": 6, "fields": {"name": "Can change permission", "content_type": 2, "codename": "change_permission"}}, {"model": "auth.permission", "pk": 7, "fields": {"name": "Can delete permission", "content_type": 2, "codename": "delete_permission"}}, {"model": "auth.permission", "pk": 8, "fields": {"name": "Can view permission", "content_type": 2, "codename": "view_permission"}}, {"model": "auth.permission", "pk": 9, "fields": {"name": "Can add group", "content_type": 3, "codename": "add_group"}}, {"model": "auth.permission", "pk": 10, "fields": {"name": "Can change group", "content_type": 3, "codename": "change_group"}}, {"model": "auth.permission", "pk": 11, "fields": {"name": "Can delete group", "content_type": 3, "codename": "delete_group"}}, {"model": "auth.permission", "pk": 12, "fields": {"name": "Can view group", "content_type": 3, "codename": "view_group"}}, {"model": "auth.permission", "pk": 13, "fields": {"name": "Can add user", "content_type": 4, "codename": "add_user"}}, {"model": "auth.permission", "pk": 14, "fields": {"name": "Can change user", "content_type": 4, "codename": "change_user"}}, {"model": "auth.permission", "pk": 15, "fields": {"name": "Can delete user", "content_type": 4, "codename": "delete_user"}}, {"model": "auth.permission", "pk": 16, "fields": {"name": "Can view user", "content_type": 4, "codename": "view_user"}}, {"model": "auth.permission", "pk": 17, "fields": {"name": "Can add content type", "content_type": 5, "codename": "add_contenttype"}}, {"model": "auth.permission", "pk": 18, "fields": {"name": "Can change content type", "content_type": 5, "codename": "change_contenttype"}}, {"model": "auth.permission", "pk": 19, "fields": {"name": "Can delete content type", "content_type": 5, "codename": "delete_contenttype"}}, {"model": "auth.permission", "pk": 20, "fields": {"name": "Can view content type", "content_type": 5, "codename": "view_contenttype"}}, {"model": "auth.permission", "pk": 21, "fields": {"name": "Can add session", "content_type": 6, "codename": "add_session"}}, {"model": "auth.permission", "pk": 22, "fields": {"name": "Can change session", "content_type": 6, "codename": "change_session"}}, {"model": "auth.permission", "pk": 23, "fields": {"name": "Can delete session", "content_type": 6, "codename": "delete_session"}}, {"model": "auth.permission", "pk": 24, "fields": {"name": "Can view session", "content_type": 6, "codename": "view_session"}}, {"model": "auth.permission", "pk": 25, "fields": {"name": "Can add article", "content_type": 7, "codename": "add_article"}}, {"model": "auth.permission", "pk": 26, "fields": {"name": "Can change article", "content_type": 7, "codename": "change_article"}}, {"model": "auth.permission", "pk": 27, "fields": {"name": "Can delete article", "content_type": 7, "codename": "delete_article"}}, {"model": "auth.permission", "pk": 28, "fields": {"name": "Can view article", "content_type": 7, "codename": "view_article"}}, {"model": "auth.permission", "pk": 29, "fields": {"name": "Can add author", "content_type": 8, "codename": "add_author"}}, {"model": "auth.permission", "pk": 30, "fields": {"name": "Can change author", "content_type": 8, "codename": "change_author"}}, {"model": "auth.permission", "pk": 31, "fields": {"name": "Can delete author", "content_type": 8, "codename": "delete_author"}}, {"model": "auth.permission", "pk": 32, "fields": {"name": "Can view author", "content_type": 8, "codename": "view_author"}}, {"model": "auth.permission", "pk": 33, "fields": {"name": "Can add category", "content_type": 9, "codename": "add_category"}}, {"model": "auth.permission", "pk": 34, "fields": {"name": "Can change category", "content_type": 9, "codename": "change_category"}}, {"model": "auth.permission", "pk": 35, "fields": {"name": "Can delete category", "content_type": 9, "codename": "delete_category"}}, {"model": "auth.permission", "pk": 36, "fields": {"name": "Can view category", "content_type": 9, "codename": "view_category"}}, {"model": "auth.permission", "pk": 37, "fields": {"name": "Can add tag", "content_type": 10, "codename": "add_tag"}}, {"model": "auth.permission", "pk": 38, "fields": {"name": "Can change tag", "content_type": 10, "codename": "change_tag"}}, {"model": "auth.permission", "pk": 39, "fields": {"name": "Can delete tag", "content_type": 10, "codename": "delete_tag"}}, {"model": "auth.permission", "pk": 40, "fields": {"name": "Can view tag", "content_type": 10, "codename": "view_tag"}}, {"model": "auth.permission", "pk": 41, "fields": {"name": "Can add comment", "content_type": 11, "codename": "add_comment"}}, {"model": "auth.permission", "pk": 42, "fields": {"name": "Can change comment", "content_type": 11, "codename": "change_comment"}}, {"model": "auth.permission", "pk": 43, "fields": {"name": "Can delete comment", "content_type": 11, "codename": "delete_comment"}}, {"model": "auth.permission", "pk": 44, "fields": {"name": "Can view comment", "content_type": 11, "codename": "view_comment"}}, {"model": "auth.permission", "pk": 45, "fields": {"name": "Can add avatar", "content_type": 12, "codename": "add_avatar"}}, {"model": "auth.permission", "pk": 46, "fields": {"name": "Can change avatar", "content_type": 12, "codename": "change_avatar"}}, {"model": "auth.permission", "pk": 47, "fields": {"name": "Can delete avatar", "content_type": 12, "codename": "delete_avatar"}}, {"model": "auth.permission", "pk": 48, "fields": {"name": "Can view avatar", "content_type": 12, "codename": "view_avatar"}}, {"model": "auth.user", "pk": 1, "fields": {"password": "pbkdf2_sha256$120000$1sOhc6uEecpS$i/kLorhAhcTd0KpA0q76F/0Zpau2U8lXPiSME8mD5LE=", "last_login": "2019-02-14T17:16:00.395", "is_superuser": true, "username": "lghost", "first_name": "", "last_name": "", "email": "admin@attacker.club", "is_staff": true, "is_active": true, "date_joined": "2019-02-13T12:07:36.328", "groups": [], "user_permissions": []}}, {"model": "admin.logentry", "pk": 1, "fields": {"action_time": "2019-02-13T12:08:56.838", "user": 1, "content_type": 10, "object_id": "1", "object_repr": "nginx", "action_flag": 1, "change_message": "[{\"added\": {}}]"}}, {"model": "admin.logentry", "pk": 2, "fields": {"action_time": "2019-02-13T12:09:02.506", "user": 1, "content_type": 10, "object_id": "2", "object_repr": "python", "action_flag": 1, "change_message": "[{\"added\": {}}]"}}, {"model": "admin.logentry", "pk": 3, "fields": {"action_time": "2019-02-13T12:09:08.803", "user": 1, "content_type": 10, "object_id": "3", "object_repr": "ELK", "action_flag": 1, "change_message": "[{\"added\": {}}]"}}, {"model": "admin.logentry", "pk": 4, "fields": {"action_time": "2019-02-13T12:09:20.054", "user": 1, "content_type": 10, "object_id": "4", "object_repr": "django", "action_flag": 1, "change_message": "[{\"added\": {}}]"}}, {"model": "admin.logentry", "pk": 5, "fields": {"action_time": "2019-02-13T12:10:20.651", "user": 1, "content_type": 9, "object_id": "1", "object_repr": "\u7f51\u7edc\u6280\u672f", "action_flag": 1, "change_message": "[{\"added\": {}}]"}}, {"model": "admin.logentry", "pk": 6, "fields": {"action_time": "2019-02-13T12:10:43.681", "user": 1, "content_type": 10, "object_id": "5", "object_repr": "bond", "action_flag": 1, "change_message": "[{\"added\": {}}]"}}, {"model": "admin.logentry", "pk": 7, "fields": {"action_time": "2019-02-13T12:10:54.643", "user": 1, "content_type": 10, "object_id": "6", "object_repr": "\u94fe\u8def\u805a\u5408", "action_flag": 1, "change_message": "[{\"added\": {}}]"}}, {"model": "admin.logentry", "pk": 8, "fields": {"action_time": "2019-02-13T12:11:07.755", "user": 1, "content_type": 10, "object_id": "7", "object_repr": "\u8d1f\u8f7d\u5747\u8861", "action_flag": 1, "change_message": "[{\"added\": {}}]"}}, {"model": "admin.logentry", "pk": 9, "fields": {"action_time": "2019-02-13T12:11:09.336", "user": 1, "content_type": 7, "object_id": "1", "object_repr": "H3C \u4ea4\u6362\u673a\u94fe\u8def\u805a\u5408\u4e0e\u670d\u52a1\u5668 bond0 \u8d1f\u8f7d\u5747\u8861\u8bbe\u7f6e", "action_flag": 1, "change_message": "[{\"added\": {}}]"}}, {"model": "admin.logentry", "pk": 10, "fields": {"action_time": "2019-02-13T13:30:31.096", "user": 1, "content_type": 7, "object_id": "1", "object_repr": "H3C \u4ea4\u6362\u673a\u94fe\u8def\u805a\u5408\u4e0e\u670d\u52a1\u5668 bond0 \u8d1f\u8f7d\u5747\u8861\u8bbe\u7f6e", "action_flag": 2, "change_message": "[{\"changed\": {\"fields\": [\"body\"]}}]"}}, {"model": "admin.logentry", "pk": 11, "fields": {"action_time": "2019-02-13T13:31:08.526", "user": 1, "content_type": 7, "object_id": "1", "object_repr": "H3C \u4ea4\u6362\u673a\u94fe\u8def\u805a\u5408\u4e0e\u670d\u52a1\u5668 bond0 \u8d1f\u8f7d\u5747\u8861\u8bbe\u7f6e", "action_flag": 2, "change_message": "[{\"changed\": {\"fields\": [\"body\"]}}]"}}, {"model": "admin.logentry", "pk": 12, "fields": {"action_time": "2019-02-13T13:32:38.330", "user": 1, "content_type": 9, "object_id": "2", "object_repr": "\u57fa\u7840\u670d\u52a1", "action_flag": 1, "change_message": "[{\"added\": {}}]"}}, {"model": "admin.logentry", "pk": 13, "fields": {"action_time": "2019-02-13T13:33:06.491", "user": 1, "content_type": 7, "object_id": "2", "object_repr": "vpn\uff08pptp,openvpn\uff09\u4e0e \u4e0a\u7f51\u4ee3\u7406(socks5) \u670d\u52a1\u90e8\u7f72", "action_flag": 1, "change_message": "[{\"added\": {}}]"}}, {"model": "admin.logentry", "pk": 14, "fields": {"action_time": "2019-02-13T13:33:15.755", "user": 1, "content_type": 10, "object_id": "8", "object_repr": "vpn", "action_flag": 1, "change_message": "[{\"added\": {}}]"}}, {"model": "admin.logentry", "pk": 15, "fields": {"action_time": "2019-02-13T13:33:17.444", "user": 1, "content_type": 7, "object_id": "2", "object_repr": "vpn\uff08pptp,openvpn\uff09\u4e0e \u4e0a\u7f51\u4ee3\u7406(socks5) \u670d\u52a1\u90e8\u7f72", "action_flag": 2, "change_message": "[{\"changed\": {\"fields\": [\"tags\"]}}]"}}, {"model": "admin.logentry", "pk": 16, "fields": {"action_time": "2019-02-13T13:35:30.150", "user": 1, "content_type": 7, "object_id": "2", "object_repr": "vpn\uff08pptp,openvpn\uff09\u4e0e \u4e0a\u7f51\u4ee3\u7406(socks5) \u670d\u52a1\u90e8\u7f72", "action_flag": 2, "change_message": "[{\"changed\": {\"fields\": [\"body\"]}}]"}}, {"model": "admin.logentry", "pk": 17, "fields": {"action_time": "2019-02-13T13:36:10.758", "user": 1, "content_type": 7, "object_id": "1", "object_repr": "H3C \u4ea4\u6362\u673a\u94fe\u8def\u805a\u5408\u4e0e\u670d\u52a1\u5668 bond0 \u8d1f\u8f7d\u5747\u8861\u8bbe\u7f6e", "action_flag": 2, "change_message": "[{\"changed\": {\"fields\": [\"body\"]}}]"}}, {"model": "admin.logentry", "pk": 18, "fields": {"action_time": "2019-02-13T13:50:14.463", "user": 1, "content_type": 4, "object_id": "1", "object_repr": "lghost", "action_flag": 2, "change_message": "[{\"changed\": {\"fields\": [\"password\"]}}]"}}, {"model": "admin.logentry", "pk": 19, "fields": {"action_time": "2019-02-13T17:36:49.569", "user": 1, "content_type": 11, "object_id": "10", "object_repr": "\u4ee5\u8c01\u4e3a\u5e08", "action_flag": 3, "change_message": ""}}, {"model": "admin.logentry", "pk": 20, "fields": {"action_time": "2019-02-13T17:36:49.577", "user": 1, "content_type": 11, "object_id": "9", "object_repr": "aa", "action_flag": 3, "change_message": ""}}, {"model": "admin.logentry", "pk": 21, "fields": {"action_time": "2019-02-13T17:36:49.581", "user": 1, "content_type": 11, "object_id": "8", "object_repr": "\u4ee5\u8c01\u4e3a\u5e08", "action_flag": 3, "change_message": ""}}, {"model": "admin.logentry", "pk": 22, "fields": {"action_time": "2019-02-13T17:36:49.584", "user": 1, "content_type": 11, "object_id": "7", "object_repr": "\u4ee5\u8c01\u4e3a\u5e08", "action_flag": 3, "change_message": ""}}, {"model": "admin.logentry", "pk": 23, "fields": {"action_time": "2019-02-13T17:36:49.588", "user": 1, "content_type": 11, "object_id": "6", "object_repr": "test", "action_flag": 3, "change_message": ""}}, {"model": "admin.logentry", "pk": 24, "fields": {"action_time": "2019-02-13T17:36:49.591", "user": 1, "content_type": 11, "object_id": "5", "object_repr": "\u4ee5\u8c01\u4e3a\u5e08", "action_flag": 3, "change_message": ""}}, {"model": "admin.logentry", "pk": 25, "fields": {"action_time": "2019-02-13T17:36:49.595", "user": 1, "content_type": 11, "object_id": "4", "object_repr": "test", "action_flag": 3, "change_message": ""}}, {"model": "admin.logentry", "pk": 26, "fields": {"action_time": "2019-02-13T17:36:49.600", "user": 1, "content_type": 11, "object_id": "3", "object_repr": "aaaa", "action_flag": 3, "change_message": ""}}, {"model": "admin.logentry", "pk": 27, "fields": {"action_time": "2019-02-13T17:36:49.604", "user": 1, "content_type": 11, "object_id": "2", "object_repr": "\u4ee5\u8c01\u4e3a\u5e08", "action_flag": 3, "change_message": ""}}, {"model": "admin.logentry", "pk": 28, "fields": {"action_time": "2019-02-13T17:36:49.610", "user": 1, "content_type": 11, "object_id": "1", "object_repr": "\u4ee5\u8c01\u4e3a\u5e08", "action_flag": 3, "change_message": ""}}, {"model": "admin.logentry", "pk": 29, "fields": {"action_time": "2019-02-13T22:24:42.754", "user": 1, "content_type": 11, "object_id": "16", "object_repr": "aaaa", "action_flag": 3, "change_message": ""}}, {"model": "admin.logentry", "pk": 30, "fields": {"action_time": "2019-02-13T22:24:42.759", "user": 1, "content_type": 11, "object_id": "15", "object_repr": "admin", "action_flag": 3, "change_message": ""}}, {"model": "admin.logentry", "pk": 31, "fields": {"action_time": "2019-02-13T22:24:42.763", "user": 1, "content_type": 11, "object_id": "14", "object_repr": "admin", "action_flag": 3, "change_message": ""}}, {"model": "admin.logentry", "pk": 32, "fields": {"action_time": "2019-02-13T22:24:42.765", "user": 1, "content_type": 11, "object_id": "13", "object_repr": "\u4ee5\u8c01\u4e3a\u5e08", "action_flag": 3, "change_message": ""}}, {"model": "admin.logentry", "pk": 33, "fields": {"action_time": "2019-02-13T22:24:42.769", "user": 1, "content_type": 11, "object_id": "12", "object_repr": "haha", "action_flag": 3, "change_message": ""}}, {"model": "admin.logentry", "pk": 34, "fields": {"action_time": "2019-02-13T22:24:42.773", "user": 1, "content_type": 11, "object_id": "11", "object_repr": "\u4ee5\u8c01\u4e3a\u5e08", "action_flag": 3, "change_message": ""}}, {"model": "admin.logentry", "pk": 35, "fields": {"action_time": "2019-02-13T22:31:55.405", "user": 1, "content_type": 11, "object_id": "18", "object_repr": "admin", "action_flag": 2, "change_message": "[{\"changed\": {\"fields\": [\"url\"]}}]"}}, {"model": "admin.logentry", "pk": 36, "fields": {"action_time": "2019-02-14T11:35:52.977", "user": 1, "content_type": 11, "object_id": "19", "object_repr": "jingjing", "action_flag": 3, "change_message": ""}}, {"model": "admin.logentry", "pk": 37, "fields": {"action_time": "2019-02-14T11:35:52.985", "user": 1, "content_type": 11, "object_id": "18", "object_repr": "admin", "action_flag": 3, "change_message": ""}}, {"model": "admin.logentry", "pk": 38, "fields": {"action_time": "2019-02-14T12:12:09.468", "user": 1, "content_type": 10, "object_id": "9", "object_repr": "SSL", "action_flag": 1, "change_message": "[{\"added\": {}}]"}}, {"model": "admin.logentry", "pk": 39, "fields": {"action_time": "2019-02-14T12:12:11.603", "user": 1, "content_type": 7, "object_id": "3", "object_repr": "nginx\u81ea\u7b7eSSL\u8bc1\u4e66\u548cSymantec\u7b7e\u53d1\u8bc1\u4e66\u4f7f\u7528", "action_flag": 1, "change_message": "[{\"added\": {}}]"}}, {"model": "admin.logentry", "pk": 40, "fields": {"action_time": "2019-02-14T12:13:50.101", "user": 1, "content_type": 9, "object_id": "3", "object_repr": "python", "action_flag": 1, "change_message": "[{\"added\": {}}]"}}, {"model": "admin.logentry", "pk": 41, "fields": {"action_time": "2019-02-14T12:14:26.677", "user": 1, "content_type": 10, "object_id": "10", "object_repr": "\u76d1\u63a7\u5e73\u53f0", "action_flag": 1, "change_message": "[{\"added\": {}}]"}}, {"model": "admin.logentry", "pk": 42, "fields": {"action_time": "2019-02-14T12:14:29.212", "user": 1, "content_type": 7, "object_id": "4", "object_repr": "zabbix \u7aef\u53e3\u81ea\u52a8\u53d1\u73b0py\u811a\u672c", "action_flag": 1, "change_message": "[{\"added\": {}}]"}}, {"model": "admin.logentry", "pk": 43, "fields": {"action_time": "2019-02-14T12:14:54.835", "user": 1, "content_type": 7, "object_id": "4", "object_repr": "zabbix \u7aef\u53e3\u81ea\u52a8\u53d1\u73b0py\u811a\u672c", "action_flag": 2, "change_message": "[{\"changed\": {\"fields\": [\"body\"]}}]"}}, {"model": "admin.logentry", "pk": 44, "fields": {"action_time": "2019-02-14T12:15:51.961", "user": 1, "content_type": 7, "object_id": "3", "object_repr": "nginx\u81ea\u7b7eSSL\u8bc1\u4e66\u548cSymantec\u7b7e\u53d1\u8bc1\u4e66\u4f7f\u7528", "action_flag": 2, "change_message": "[{\"changed\": {\"fields\": [\"body\"]}}]"}}, {"model": "admin.logentry", "pk": 45, "fields": {"action_time": "2019-02-14T12:16:30.845", "user": 1, "content_type": 7, "object_id": "3", "object_repr": "nginx\u81ea\u7b7eSSL\u8bc1\u4e66\u548cSymantec\u7b7e\u53d1\u8bc1\u4e66\u4f7f\u7528", "action_flag": 2, "change_message": "[{\"changed\": {\"fields\": [\"body\"]}}]"}}, {"model": "admin.logentry", "pk": 46, "fields": {"action_time": "2019-02-14T12:17:04.507", "user": 1, "content_type": 7, "object_id": "4", "object_repr": "zabbix \u7aef\u53e3\u81ea\u52a8\u53d1\u73b0py\u811a\u672c", "action_flag": 2, "change_message": "[{\"changed\": {\"fields\": [\"body\"]}}]"}}, {"model": "admin.logentry", "pk": 47, "fields": {"action_time": "2019-02-14T12:22:37.912", "user": 1, "content_type": 7, "object_id": "4", "object_repr": "zabbix \u7aef\u53e3\u81ea\u52a8\u53d1\u73b0py\u811a\u672c", "action_flag": 2, "change_message": "[{\"changed\": {\"fields\": [\"publish\"]}}]"}}, {"model": "admin.logentry", "pk": 48, "fields": {"action_time": "2019-02-14T13:13:01.451", "user": 1, "content_type": 9, "object_id": "4", "object_repr": "\u5b89\u5168\u653b\u9632", "action_flag": 1, "change_message": "[{\"added\": {}}]"}}, {"model": "admin.logentry", "pk": 49, "fields": {"action_time": "2019-02-14T13:14:19.824", "user": 1, "content_type": 7, "object_id": "5", "object_repr": "nginx lua\u8f6fwaf\u5e94\u7528\u9632\u706b\u5899 \uff08Openresty\uff09\u3001http2\u5b89\u5168", "action_flag": 1, "change_message": "[{\"added\": {}}]"}}, {"model": "admin.logentry", "pk": 50, "fields": {"action_time": "2019-02-14T15:01:57.550", "user": 1, "content_type": 7, "object_id": "4", "object_repr": "zabbix \u7aef\u53e3\u81ea\u52a8\u53d1\u73b0py\u811a\u672c", "action_flag": 2, "change_message": "[{\"changed\": {\"fields\": [\"publish\"]}}]"}}, {"model": "admin.logentry", "pk": 51, "fields": {"action_time": "2019-02-14T17:17:03.352", "user": 1, "content_type": 9, "object_id": "5", "object_repr": "\u65e5\u5fd7\u5e73\u53f0", "action_flag": 1, "change_message": "[{\"added\": {}}]"}}, {"model": "admin.logentry", "pk": 52, "fields": {"action_time": "2019-02-14T17:17:08.137", "user": 1, "content_type": 7, "object_id": "6", "object_repr": "Elasticsearch6.4 +logstash6.4 +filebeat6.4+redis+saltstack\u90e8\u7f72", "action_flag": 1, "change_message": "[{\"added\": {}}]"}}, {"model": "admin.logentry", "pk": 53, "fields": {"action_time": "2019-02-14T17:17:17.918", "user": 1, "content_type": 7, "object_id": "6", "object_repr": "Elasticsearch6.4 +logstash6.4 +filebeat6.4+redis+saltstack\u90e8\u7f72", "action_flag": 2, "change_message": "[{\"changed\": {\"fields\": [\"tags\"]}}]"}}, {"model": "admin.logentry", "pk": 54, "fields": {"action_time": "2019-02-14T17:18:19.058", "user": 1, "content_type": 7, "object_id": "6", "object_repr": "Elasticsearch6.4 +logstash6.4 +filebeat6.4+redis+saltstack\u90e8\u7f72", "action_flag": 2, "change_message": "[{\"changed\": {\"fields\": [\"body\"]}}]"}}, {"model": "admin.logentry", "pk": 55, "fields": {"action_time": "2019-02-14T17:19:45.633", "user": 1, "content_type": 7, "object_id": "6", "object_repr": "Elasticsearch +logstash +filebeat+redis+saltstack\u90e8\u7f72\u65e5\u5fd7\u5e73\u53f0", "action_flag": 2, "change_message": "[{\"changed\": {\"fields\": [\"title\", \"body\"]}}]"}}, {"model": "admin.logentry", "pk": 56, "fields": {"action_time": "2019-02-15T11:16:44.416", "user": 1, "content_type": 10, "object_id": "11", "object_repr": "web\u6027\u80fd", "action_flag": 1, "change_message": "[{\"added\": {}}]"}}, {"model": "admin.logentry", "pk": 57, "fields": {"action_time": "2019-02-15T11:16:46.596", "user": 1, "content_type": 7, "object_id": "7", "object_repr": "nginx \u6700\u5927\u8fde\u63a5\u538b\u6d4b\u548c\u8c03\u4f18", "action_flag": 1, "change_message": "[{\"added\": {}}]"}}, {"model": "admin.logentry", "pk": 58, "fields": {"action_time": "2019-02-15T14:23:42.187", "user": 1, "content_type": 9, "object_id": "6", "object_repr": "\u81ea\u52a8\u5316", "action_flag": 1, "change_message": "[{\"added\": {}}]"}}, {"model": "admin.logentry", "pk": 59, "fields": {"action_time": "2019-02-15T14:24:54.080", "user": 1, "content_type": 9, "object_id": "7", "object_repr": "\u6570\u636e\u5e93", "action_flag": 1, "change_message": "[{\"added\": {}}]"}}, {"model": "admin.logentry", "pk": 60, "fields": {"action_time": "2019-02-15T14:25:18.411", "user": 1, "content_type": 9, "object_id": "8", "object_repr": "\u4e2a\u4ebapc", "action_flag": 1, "change_message": "[{\"added\": {}}]"}}, {"model": "admin.logentry", "pk": 61, "fields": {"action_time": "2019-02-15T14:25:31.634", "user": 1, "content_type": 9, "object_id": "8", "object_repr": "\u4e2a\u4eba\u7ec8\u7aef", "action_flag": 2, "change_message": "[{\"changed\": {\"fields\": [\"name\"]}}]"}}, {"model": "admin.logentry", "pk": 62, "fields": {"action_time": "2019-02-15T14:28:59.035", "user": 1, "content_type": 9, "object_id": "9", "object_repr": "\u7cfb\u7edf\u7ef4\u62a4", "action_flag": 1, "change_message": "[{\"added\": {}}]"}}, {"model": "admin.logentry", "pk": 63, "fields": {"action_time": "2019-02-15T14:29:22.228", "user": 1, "content_type": 9, "object_id": "9", "object_repr": "\u7cfb\u7edf\u8fd0\u7ef4", "action_flag": 2, "change_message": "[{\"changed\": {\"fields\": [\"name\"]}}]"}}, {"model": "admin.logentry", "pk": 64, "fields": {"action_time": "2019-02-15T14:35:26.561", "user": 1, "content_type": 9, "object_id": "10", "object_repr": "\u5176\u4ed6", "action_flag": 1, "change_message": "[{\"added\": {}}]"}}, {"model": "admin.logentry", "pk": 65, "fields": {"action_time": "2019-02-15T14:59:58.005", "user": 1, "content_type": 10, "object_id": "12", "object_repr": "tor", "action_flag": 1, "change_message": "[{\"added\": {}}]"}}, {"model": "admin.logentry", "pk": 66, "fields": {"action_time": "2019-02-15T15:00:13.112", "user": 1, "content_type": 7, "object_id": "8", "object_repr": "\u8fdb\u5165\u6697\u7f51", "action_flag": 1, "change_message": "[{\"added\": {}}]"}}, {"model": "admin.logentry", "pk": 67, "fields": {"action_time": "2019-02-15T15:04:53.645", "user": 1, "content_type": 10, "object_id": "13", "object_repr": "shell", "action_flag": 1, "change_message": "[{\"added\": {}}]"}}, {"model": "admin.logentry", "pk": 68, "fields": {"action_time": "2019-02-15T15:10:42.674", "user": 1, "content_type": 7, "object_id": "9", "object_repr": "Linux\u5e38\u7528\u547d\u4ee4:find,grep,awk,sed,cut,read", "action_flag": 1, "change_message": "[{\"added\": {}}]"}}, {"model": "admin.logentry", "pk": 69, "fields": {"action_time": "2019-02-15T15:12:29.977", "user": 1, "content_type": 7, "object_id": "9", "object_repr": "Linux\u5e38\u7528\u547d\u4ee4:find,grep", "action_flag": 2, "change_message": "[{\"changed\": {\"fields\": [\"title\", \"body\"]}}]"}}, {"model": "admin.logentry", "pk": 70, "fields": {"action_time": "2019-02-15T15:17:03.499", "user": 1, "content_type": 7, "object_id": "9", "object_repr": "Linux\u5e38\u7528\u547d\u4ee4:find,grep", "action_flag": 2, "change_message": "[{\"changed\": {\"fields\": [\"body\"]}}]"}}, {"model": "admin.logentry", "pk": 71, "fields": {"action_time": "2019-02-15T15:17:53.694", "user": 1, "content_type": 7, "object_id": "9", "object_repr": "Linux\u5e38\u7528\u547d\u4ee4:find,grep", "action_flag": 2, "change_message": "[{\"changed\": {\"fields\": [\"body\"]}}]"}}, {"model": "admin.logentry", "pk": 72, "fields": {"action_time": "2019-02-15T15:18:14.223", "user": 1, "content_type": 7, "object_id": "9", "object_repr": "Linux\u5e38\u7528\u547d\u4ee4:find,grep", "action_flag": 2, "change_message": "[{\"changed\": {\"fields\": [\"body\"]}}]"}}, {"model": "admin.logentry", "pk": 73, "fields": {"action_time": "2019-02-15T15:20:18.776", "user": 1, "content_type": 7, "object_id": "10", "object_repr": "Linux - \u5e38\u7528\u547d\u4ee4\uff1agrep", "action_flag": 1, "change_message": "[{\"added\": {}}]"}}, {"model": "admin.logentry", "pk": 74, "fields": {"action_time": "2019-02-15T15:20:50.457", "user": 1, "content_type": 7, "object_id": "9", "object_repr": "Linux\u5e38\u7528\u547d\u4ee4:find", "action_flag": 2, "change_message": "[{\"changed\": {\"fields\": [\"title\", \"body\", \"publish\"]}}]"}}, {"model": "admin.logentry", "pk": 75, "fields": {"action_time": "2019-02-15T15:21:53.802", "user": 1, "content_type": 7, "object_id": "10", "object_repr": "Linux - \u5e38\u7528\u547d\u4ee4\uff1agrep", "action_flag": 2, "change_message": "[{\"changed\": {\"fields\": [\"tags\"]}}]"}}, {"model": "admin.logentry", "pk": 76, "fields": {"action_time": "2019-02-15T15:22:18.912", "user": 1, "content_type": 7, "object_id": "9", "object_repr": "Linux\u5e38\u7528\u547d\u4ee4: find", "action_flag": 2, "change_message": "[{\"changed\": {\"fields\": [\"title\"]}}]"}}, {"model": "admin.logentry", "pk": 77, "fields": {"action_time": "2019-02-15T15:23:36.458", "user": 1, "content_type": 7, "object_id": "11", "object_repr": "Linux - \u5e38\u7528\u547d\u4ee4\uff1acut", "action_flag": 1, "change_message": "[{\"added\": {}}]"}}, {"model": "admin.logentry", "pk": 78, "fields": {"action_time": "2019-02-15T15:25:59.946", "user": 1, "content_type": 7, "object_id": "12", "object_repr": "Linux - \u5e38\u7528\u547d\u4ee4\uff1aawk", "action_flag": 1, "change_message": "[{\"added\": {}}]"}}, {"model": "admin.logentry", "pk": 79, "fields": {"action_time": "2019-02-15T15:26:22.799", "user": 1, "content_type": 7, "object_id": "12", "object_repr": "Linux - \u5e38\u7528\u547d\u4ee4\uff1aawk", "action_flag": 2, "change_message": "[{\"changed\": {\"fields\": [\"tags\"]}}]"}}, {"model": "admin.logentry", "pk": 80, "fields": {"action_time": "2019-02-15T15:26:46.928", "user": 1, "content_type": 7, "object_id": "12", "object_repr": "Linux - \u5e38\u7528\u547d\u4ee4\uff1aawk", "action_flag": 2, "change_message": "[{\"changed\": {\"fields\": [\"body\"]}}]"}}, {"model": "admin.logentry", "pk": 81, "fields": {"action_time": "2019-02-15T15:31:31.748", "user": 1, "content_type": 7, "object_id": "13", "object_repr": "Linux - \u5e38\u7528\u547d\u4ee4\uff1ased", "action_flag": 1, "change_message": "[{\"added\": {}}]"}}, {"model": "admin.logentry", "pk": 82, "fields": {"action_time": "2019-02-15T15:33:37.058", "user": 1, "content_type": 7, "object_id": "13", "object_repr": "Linux - \u5e38\u7528\u547d\u4ee4\uff1ased", "action_flag": 2, "change_message": "[{\"changed\": {\"fields\": [\"body\", \"publish\"]}}]"}}, {"model": "admin.logentry", "pk": 83, "fields": {"action_time": "2019-02-15T15:35:12.437", "user": 1, "content_type": 7, "object_id": "14", "object_repr": "Shell \u4e4b read\u811a\u672c\u8f93\u5165", "action_flag": 1, "change_message": "[{\"added\": {}}]"}}, {"model": "admin.logentry", "pk": 84, "fields": {"action_time": "2019-02-15T15:36:20.944", "user": 1, "content_type": 7, "object_id": "14", "object_repr": "Shell \u4e4b read\u811a\u672c\u8f93\u5165", "action_flag": 2, "change_message": "[{\"changed\": {\"fields\": [\"publish\"]}}]"}}, {"model": "admin.logentry", "pk": 85, "fields": {"action_time": "2019-02-15T15:37:54.155", "user": 1, "content_type": 10, "object_id": "14", "object_repr": "waf", "action_flag": 1, "change_message": "[{\"added\": {}}]"}}, {"model": "admin.logentry", "pk": 86, "fields": {"action_time": "2019-02-15T15:37:56.263", "user": 1, "content_type": 7, "object_id": "5", "object_repr": "nginx lua\u8f6fwaf\u5e94\u7528\u9632\u706b\u5899 \uff08Openresty\uff09\u3001http2\u5b89\u5168", "action_flag": 2, "change_message": "[{\"changed\": {\"fields\": [\"body\", \"tags\"]}}]"}}, {"model": "admin.logentry", "pk": 87, "fields": {"action_time": "2019-02-15T15:38:27.346", "user": 1, "content_type": 7, "object_id": "5", "object_repr": "nginx lua\u8f6fwaf\u5e94\u7528\u9632\u706b\u5899 \uff08Openresty\uff09", "action_flag": 2, "change_message": "[{\"changed\": {\"fields\": [\"title\", \"publish\"]}}]"}}, {"model": "admin.logentry", "pk": 88, "fields": {"action_time": "2019-02-15T15:41:20.898", "user": 1, "content_type": 7, "object_id": "6", "object_repr": "Elasticsearch +logstash +filebeat+redis+saltstack\u90e8\u7f72\u65e5\u5fd7\u5e73\u53f0", "action_flag": 2, "change_message": "[{\"changed\": {\"fields\": [\"body\"]}}]"}}, {"model": "admin.logentry", "pk": 89, "fields": {"action_time": "2019-02-15T15:43:04.091", "user": 1, "content_type": 7, "object_id": "6", "object_repr": "Elasticsearch +logstash +filebeat+redis+saltstack\u90e8\u7f72\u65e5\u5fd7\u5e73\u53f0", "action_flag": 2, "change_message": "[{\"changed\": {\"fields\": [\"body\"]}}]"}}, {"model": "admin.logentry", "pk": 90, "fields": {"action_time": "2019-02-15T15:44:36.662", "user": 1, "content_type": 7, "object_id": "6", "object_repr": "Elasticsearch +logstash +filebeat+redis+saltstack\u90e8\u7f72\u65e5\u5fd7\u5e73\u53f0", "action_flag": 2, "change_message": "[{\"changed\": {\"fields\": [\"publish\"]}}]"}}, {"model": "admin.logentry", "pk": 91, "fields": {"action_time": "2019-02-15T15:45:44.606", "user": 1, "content_type": 7, "object_id": "6", "object_repr": "Elasticsearch +logstash +filebeat+redis+saltstack\u90e8\u7f72\u65e5\u5fd7\u5e73\u53f0", "action_flag": 2, "change_message": "[{\"changed\": {\"fields\": [\"body\"]}}]"}}, {"model": "admin.logentry", "pk": 92, "fields": {"action_time": "2019-02-15T18:00:08.114", "user": 1, "content_type": 10, "object_id": "15", "object_repr": "fabric", "action_flag": 1, "change_message": "[{\"added\": {}}]"}}, {"model": "admin.logentry", "pk": 93, "fields": {"action_time": "2019-02-15T18:00:11.167", "user": 1, "content_type": 7, "object_id": "15", "object_repr": "fabric\u81ea\u52a8\u53d1\u5e03django\u535a\u5ba2\u7cfb\u7edf", "action_flag": 1, "change_message": "[{\"added\": {}}]"}}, {"model": "admin.logentry", "pk": 94, "fields": {"action_time": "2019-02-15T18:02:10.784", "user": 1, "content_type": 10, "object_id": "16", "object_repr": "\u81ea\u52a8\u5316", "action_flag": 1, "change_message": "[{\"added\": {}}]"}}, {"model": "admin.logentry", "pk": 95, "fields": {"action_time": "2019-02-15T18:03:23.636", "user": 1, "content_type": 7, "object_id": "15", "object_repr": "fabric\u81ea\u52a8\u53d1\u5e03django\u535a\u5ba2\u7cfb\u7edf", "action_flag": 2, "change_message": "[{\"changed\": {\"fields\": [\"tags\", \"publish\"]}}]"}}, {"model": "admin.logentry", "pk": 96, "fields": {"action_time": "2019-02-15T18:04:48.445", "user": 1, "content_type": 7, "object_id": "16", "object_repr": "fdisk\u5bf9\u670d\u52a1\u5668\u78c1\u76d8\u6269\u5bb9", "action_flag": 1, "change_message": "[{\"added\": {}}]"}}, {"model": "admin.logentry", "pk": 97, "fields": {"action_time": "2019-02-15T18:07:00.502", "user": 1, "content_type": 7, "object_id": "16", "object_repr": "fdisk\u5bf9\u670d\u52a1\u5668\u78c1\u76d8\u6269\u5bb9", "action_flag": 2, "change_message": "[{\"changed\": {\"fields\": [\"publish\"]}}]"}}, {"model": "admin.logentry", "pk": 98, "fields": {"action_time": "2019-02-15T18:09:23.733", "user": 1, "content_type": 7, "object_id": "17", "object_repr": "ddns \u52a8\u6001\u89e3\u6790 - \u963f\u91cc\u4e91api\u4e0e\u5bb6\u7528\u670d\u52a1\u5668", "action_flag": 1, "change_message": "[{\"added\": {}}]"}}, {"model": "admin.logentry", "pk": 99, "fields": {"action_time": "2019-02-15T18:12:39.264", "user": 1, "content_type": 7, "object_id": "17", "object_repr": "ddns \u52a8\u6001\u89e3\u6790 - \u963f\u91cc\u4e91api\u81ea\u52a8\u89e3\u6790\u5bb6\u7528\u670d\u52a1\u5668\u52a8\u6001ip", "action_flag": 2, "change_message": "[{\"changed\": {\"fields\": [\"title\"]}}]"}}, {"model": "admin.logentry", "pk": 100, "fields": {"action_time": "2019-02-17T12:44:18.465", "user": 1, "content_type": 7, "object_id": "17", "object_repr": "ddns \u52a8\u6001\u89e3\u6790 - \u963f\u91cc\u4e91api\u81ea\u52a8\u89e3\u6790\u5bb6\u7528\u670d\u52a1\u5668\u52a8\u6001ip", "action_flag": 2, "change_message": "[{\"changed\": {\"fields\": [\"body\", \"tags\"]}}]"}}, {"model": "admin.logentry", "pk": 101, "fields": {"action_time": "2019-02-17T12:45:03.453", "user": 1, "content_type": 7, "object_id": "17", "object_repr": "ddns \u52a8\u6001\u89e3\u6790 - \u963f\u91cc\u4e91api\u81ea\u52a8\u89e3\u6790\u5bb6\u7528\u670d\u52a1\u5668\u52a8\u6001ip", "action_flag": 2, "change_message": "[{\"changed\": {\"fields\": [\"body\"]}}]"}}, {"model": "admin.logentry", "pk": 102, "fields": {"action_time": "2019-02-17T17:14:22.363", "user": 1, "content_type": 7, "object_id": "17", "object_repr": "ddns \u52a8\u6001\u89e3\u6790 - \u963f\u91cc\u4e91api\u81ea\u52a8\u89e3\u6790\u5bb6\u7528\u670d\u52a1\u5668\u52a8\u6001ip", "action_flag": 2, "change_message": "[{\"changed\": {\"fields\": [\"body\"]}}]"}}, {"model": "admin.logentry", "pk": 103, "fields": {"action_time": "2019-02-17T22:21:45.544", "user": 1, "content_type": 7, "object_id": "17", "object_repr": "ddns \u52a8\u6001\u89e3\u6790 - \u963f\u91cc\u4e91api\u81ea\u52a8\u89e3\u6790\u5bb6\u7528\u670d\u52a1\u5668\u52a8\u6001ip", "action_flag": 2, "change_message": "[{\"changed\": {\"fields\": [\"body\"]}}]"}}, {"model": "admin.logentry", "pk": 104, "fields": {"action_time": "2019-02-18T09:15:42.789", "user": 1, "content_type": 7, "object_id": "17", "object_repr": "ddns \u52a8\u6001\u89e3\u6790 - \u963f\u91cc\u4e91api\u81ea\u52a8\u89e3\u6790\u5bb6\u7528\u670d\u52a1\u5668\u52a8\u6001ip", "action_flag": 2, "change_message": "[{\"changed\": {\"fields\": [\"body\"]}}]"}}, {"model": "admin.logentry", "pk": 105, "fields": {"action_time": "2019-02-18T10:16:17.574", "user": 1, "content_type": 7, "object_id": "17", "object_repr": "ddns \u52a8\u6001\u89e3\u6790 - \u963f\u91cc\u4e91api\u81ea\u52a8\u89e3\u6790\u5bb6\u7528\u670d\u52a1\u5668\u52a8\u6001ip", "action_flag": 2, "change_message": "[{\"changed\": {\"fields\": [\"body\"]}}]"}}, {"model": "admin.logentry", "pk": 106, "fields": {"action_time": "2019-02-18T10:23:06.050", "user": 1, "content_type": 7, "object_id": "2", "object_repr": "vpn\uff08pptp,openvpn\uff09\u4e0e \u4e0a\u7f51\u4ee3\u7406(socks5) \u670d\u52a1\u90e8\u7f72", "action_flag": 2, "change_message": "[{\"changed\": {\"fields\": [\"body\"]}}]"}}, {"model": "admin.logentry", "pk": 107, "fields": {"action_time": "2019-02-18T15:10:04.804", "user": 1, "content_type": 9, "object_id": "11", "object_repr": "oldboy", "action_flag": 1, "change_message": "[{\"added\": {}}]"}}, {"model": "admin.logentry", "pk": 108, "fields": {"action_time": "2019-02-18T15:50:45.483", "user": 1, "content_type": 7, "object_id": "18", "object_repr": "\u6587\u4ef6\u5904\u7406\u76f8\u5173 \u7f16\u7801\u95ee\u9898  \b\u8bf7\u8bf4\u660epython2 \u4e0epython3\u4e2d\u7684\u9ed8\u8ba4\u7f16\u7801\u662f\u4ec0\u4e48\uff1f \u7b54\uff1a`python2 \u9ed8\u8ba4ascii,python3", "action_flag": 1, "change_message": "[{\"added\": {}}]"}}, {"model": "admin.logentry", "pk": 109, "fields": {"action_time": "2019-02-18T15:54:02.484", "user": 1, "content_type": 7, "object_id": "18", "object_repr": "day2\u7ec3\u4e60\u9898", "action_flag": 2, "change_message": "[{\"changed\": {\"fields\": [\"title\", \"publish\"]}}]"}}, {"model": "admin.logentry", "pk": 110, "fields": {"action_time": "2019-02-18T16:05:09.750", "user": 1, "content_type": 7, "object_id": "18", "object_repr": "day2\u7ec3\u4e60\u9898", "action_flag": 2, "change_message": "[{\"changed\": {\"fields\": [\"body\"]}}]"}}, {"model": "admin.logentry", "pk": 111, "fields": {"action_time": "2019-02-18T16:05:32.580", "user": 1, "content_type": 7, "object_id": "18", "object_repr": "day2\u7ec3\u4e60\u9898", "action_flag": 2, "change_message": "[{\"changed\": {\"fields\": [\"body\"]}}]"}}, {"model": "admin.logentry", "pk": 112, "fields": {"action_time": "2019-02-18T16:06:01.501", "user": 1, "content_type": 7, "object_id": "18", "object_repr": "day2\u7ec3\u4e60\u9898", "action_flag": 2, "change_message": "[{\"changed\": {\"fields\": [\"body\"]}}]"}}, {"model": "admin.logentry", "pk": 113, "fields": {"action_time": "2019-02-18T16:51:28.207", "user": 1, "content_type": 7, "object_id": "18", "object_repr": "day2\u7ec3\u4e60\u9898", "action_flag": 2, "change_message": "[{\"changed\": {\"fields\": [\"body\"]}}]"}}, {"model": "admin.logentry", "pk": 114, "fields": {"action_time": "2019-02-18T16:52:18.961", "user": 1, "content_type": 7, "object_id": "18", "object_repr": "day2\u7ec3\u4e60\u9898", "action_flag": 2, "change_message": "[{\"changed\": {\"fields\": [\"body\"]}}]"}}, {"model": "admin.logentry", "pk": 115, "fields": {"action_time": "2019-02-18T17:40:52.825", "user": 1, "content_type": 9, "object_id": "12", "object_repr": "\u6f0f\u6d1e\u7ba1\u7406", "action_flag": 1, "change_message": "[{\"added\": {}}]"}}, {"model": "admin.logentry", "pk": 116, "fields": {"action_time": "2019-02-18T17:50:41.313", "user": 1, "content_type": 9, "object_id": "12", "object_repr": "\u6f0f\u6d1e\u7ba1\u7406", "action_flag": 3, "change_message": ""}}, {"model": "admin.logentry", "pk": 117, "fields": {"action_time": "2019-02-19T07:28:40.638", "user": 1, "content_type": 9, "object_id": "13", "object_repr": "web\u5f00\u53d1", "action_flag": 1, "change_message": "[{\"added\": {}}]"}}, {"model": "admin.logentry", "pk": 118, "fields": {"action_time": "2019-02-19T07:35:20.943", "user": 1, "content_type": 7, "object_id": "19", "object_repr": "\u5feb\u901f\u90e8\u7f72django\u535a\u5ba2\u7cfb\u7edf", "action_flag": 1, "change_message": "[{\"added\": {}}]"}}, {"model": "admin.logentry", "pk": 119, "fields": {"action_time": "2019-02-19T07:44:13.328", "user": 1, "content_type": 7, "object_id": "19", "object_repr": "\u5feb\u901f\u90e8\u7f72django\u535a\u5ba2\u7cfb\u7edf", "action_flag": 2, "change_message": "[{\"changed\": {\"fields\": [\"body\"]}}]"}}, {"model": "admin.logentry", "pk": 120, "fields": {"action_time": "2019-02-19T07:45:47.447", "user": 1, "content_type": 7, "object_id": "19", "object_repr": "\u5feb\u901f\u90e8\u7f72django\u535a\u5ba2\u7cfb\u7edf", "action_flag": 2, "change_message": "[{\"changed\": {\"fields\": [\"body\"]}}]"}}, {"model": "admin.logentry", "pk": 121, "fields": {"action_time": "2019-02-19T07:47:01.725", "user": 1, "content_type": 7, "object_id": "19", "object_repr": "\u5feb\u901f\u90e8\u7f72django\u535a\u5ba2\u7cfb\u7edf", "action_flag": 2, "change_message": "[{\"changed\": {\"fields\": [\"body\"]}}]"}}, {"model": "admin.logentry", "pk": 122, "fields": {"action_time": "2019-02-19T09:51:01.402", "user": 1, "content_type": 10, "object_id": "17", "object_repr": "\u6027\u80fd\u6d4b\u8bd5", "action_flag": 1, "change_message": "[{\"added\": {}}]"}}, {"model": "admin.logentry", "pk": 123, "fields": {"action_time": "2019-02-19T09:51:22.580", "user": 1, "content_type": 10, "object_id": "18", "object_repr": "\u6545\u969c\u5b9a\u4f4d", "action_flag": 1, "change_message": "[{\"added\": {}}]"}}, {"model": "admin.logentry", "pk": 124, "fields": {"action_time": "2019-02-19T09:51:57.023", "user": 1, "content_type": 7, "object_id": "20", "object_repr": "\u67e5\u770b\u670d\u52a1\u5668\u5f53\u524d\u6027\u80fd\u53ca\u6545\u969c\u5b9a\u4f4d", "action_flag": 1, "change_message": "[{\"added\": {}}]"}}, {"model": "admin.logentry", "pk": 125, "fields": {"action_time": "2019-02-19T09:59:00.536", "user": 1, "content_type": 7, "object_id": "20", "object_repr": "\u67e5\u770b\u670d\u52a1\u5668\u5f53\u524d\u6027\u80fd\u53ca\u6545\u969c\u5b9a\u4f4d", "action_flag": 2, "change_message": "[{\"changed\": {\"fields\": [\"body\"]}}]"}}, {"model": "admin.logentry", "pk": 126, "fields": {"action_time": "2019-02-19T10:06:44.385", "user": 1, "content_type": 7, "object_id": "20", "object_repr": "\u67e5\u770b\u670d\u52a1\u5668\u5f53\u524d\u6027\u80fd\u53ca\u6545\u969c\u5b9a\u4f4d", "action_flag": 2, "change_message": "[{\"changed\": {\"fields\": [\"body\"]}}]"}}, {"model": "admin.logentry", "pk": 127, "fields": {"action_time": "2019-02-19T10:08:35.213", "user": 1, "content_type": 7, "object_id": "20", "object_repr": "\u5feb\u901f\u67e5\u770b\u670d\u52a1\u5668\u5f53\u524d\u6027\u80fd\u53ca\u6545\u969c\u5b9a\u4f4d", "action_flag": 2, "change_message": "[{\"changed\": {\"fields\": [\"title\"]}}]"}}, {"model": "admin.logentry", "pk": 128, "fields": {"action_time": "2019-02-19T10:09:20.586", "user": 1, "content_type": 7, "object_id": "21", "object_repr": "\u5e38\u7528\u6027\u80fd\u6d4b\u8bd5\u5de5\u5177\u6c47\u603b", "action_flag": 1, "change_message": "[{\"added\": {}}]"}}, {"model": "admin.logentry", "pk": 129, "fields": {"action_time": "2019-02-19T10:11:04.951", "user": 1, "content_type": 9, "object_id": "14", "object_repr": "\u524d\u7aef\u8bbe\u8ba1", "action_flag": 1, "change_message": "[{\"added\": {}}]"}}, {"model": "admin.logentry", "pk": 130, "fields": {"action_time": "2019-02-19T10:11:13.540", "user": 1, "content_type": 7, "object_id": "22", "object_repr": "\u524d\u7aef\u5de5\u5177 brackets", "action_flag": 1, "change_message": "[{\"added\": {}}]"}}, {"model": "admin.logentry", "pk": 131, "fields": {"action_time": "2019-02-19T10:11:36.206", "user": 1, "content_type": 7, "object_id": "22", "object_repr": "\u524d\u7aef\u5de5\u5177 brackets", "action_flag": 2, "change_message": "[{\"changed\": {\"fields\": [\"publish\"]}}]"}}, {"model": "admin.logentry", "pk": 132, "fields": {"action_time": "2019-02-19T10:12:07.207", "user": 1, "content_type": 10, "object_id": "19", "object_repr": "tools", "action_flag": 1, "change_message": "[{\"added\": {}}]"}}, {"model": "admin.logentry", "pk": 133, "fields": {"action_time": "2019-02-19T10:12:08.677", "user": 1, "content_type": 7, "object_id": "22", "object_repr": "\u524d\u7aef\u5de5\u5177 brackets", "action_flag": 2, "change_message": "[{\"changed\": {\"fields\": [\"tags\"]}}]"}}, {"model": "admin.logentry", "pk": 134, "fields": {"action_time": "2019-02-19T10:18:53.830", "user": 1, "content_type": 9, "object_id": "14", "object_repr": "\u7f51\u7edc\u6280\u672f", "action_flag": 2, "change_message": "[{\"changed\": {\"fields\": [\"name\"]}}]"}}, {"model": "admin.logentry", "pk": 135, "fields": {"action_time": "2019-02-19T10:18:53.842", "user": 1, "content_type": 9, "object_id": "13", "object_repr": "\u57fa\u7840\u670d\u52a1", "action_flag": 2, "change_message": "[{\"changed\": {\"fields\": [\"name\"]}}]"}}, {"model": "admin.logentry", "pk": 136, "fields": {"action_time": "2019-02-19T10:18:53.854", "user": 1, "content_type": 9, "object_id": "2", "object_repr": "web\u5f00\u53d1", "action_flag": 2, "change_message": "[{\"changed\": {\"fields\": [\"name\"]}}]"}}, {"model": "admin.logentry", "pk": 137, "fields": {"action_time": "2019-02-19T10:18:53.865", "user": 1, "content_type": 9, "object_id": "1", "object_repr": "\u524d\u7aef\u8bbe\u8ba1", "action_flag": 2, "change_message": "[{\"changed\": {\"fields\": [\"name\"]}}]"}}, {"model": "admin.logentry", "pk": 138, "fields": {"action_time": "2019-02-19T10:19:52.001", "user": 1, "content_type": 7, "object_id": "22", "object_repr": "\u524d\u7aef\u5de5\u5177 brackets", "action_flag": 2, "change_message": "[{\"changed\": {\"fields\": [\"category\"]}}]"}}, {"model": "admin.logentry", "pk": 139, "fields": {"action_time": "2019-02-19T10:20:07.911", "user": 1, "content_type": 7, "object_id": "1", "object_repr": "H3C \u4ea4\u6362\u673a\u94fe\u8def\u805a\u5408\u4e0e\u670d\u52a1\u5668 bond0 \u8d1f\u8f7d\u5747\u8861\u8bbe\u7f6e", "action_flag": 2, "change_message": "[{\"changed\": {\"fields\": [\"category\"]}}]"}}, {"model": "admin.logentry", "pk": 140, "fields": {"action_time": "2019-02-19T10:20:43.542", "user": 1, "content_type": 7, "object_id": "7", "object_repr": "nginx \u6700\u5927\u8fde\u63a5\u538b\u6d4b\u548c\u8c03\u4f18", "action_flag": 2, "change_message": "[{\"changed\": {\"fields\": [\"category\"]}}]"}}, {"model": "admin.logentry", "pk": 141, "fields": {"action_time": "2019-02-19T10:20:54.075", "user": 1, "content_type": 7, "object_id": "3", "object_repr": "nginx\u81ea\u7b7eSSL\u8bc1\u4e66\u548cSymantec\u7b7e\u53d1\u8bc1\u4e66\u4f7f\u7528", "action_flag": 2, "change_message": "[{\"changed\": {\"fields\": [\"category\"]}}]"}}, {"model": "admin.logentry", "pk": 142, "fields": {"action_time": "2019-02-19T10:21:07.909", "user": 1, "content_type": 7, "object_id": "2", "object_repr": "vpn\uff08pptp,openvpn\uff09\u4e0e \u4e0a\u7f51\u4ee3\u7406(socks5) \u670d\u52a1\u90e8\u7f72", "action_flag": 2, "change_message": "[{\"changed\": {\"fields\": [\"category\"]}}]"}}, {"model": "admin.logentry", "pk": 143, "fields": {"action_time": "2019-02-19T10:21:21.067", "user": 1, "content_type": 7, "object_id": "19", "object_repr": "\u5feb\u901f\u90e8\u7f72django\u535a\u5ba2\u7cfb\u7edf", "action_flag": 2, "change_message": "[{\"changed\": {\"fields\": [\"category\"]}}]"}}, {"model": "admin.logentry", "pk": 144, "fields": {"action_time": "2019-02-19T10:31:39.366", "user": 1, "content_type": 10, "object_id": "20", "object_repr": "\u52a0\u5bc6", "action_flag": 1, "change_message": "[{\"added\": {}}]"}}, {"model": "admin.logentry", "pk": 145, "fields": {"action_time": "2019-02-19T10:32:02.486", "user": 1, "content_type": 7, "object_id": "23", "object_repr": "shell\u811a\u672c\u52a0\u89e3\u5bc6\u5de5\u5177-SHC", "action_flag": 1, "change_message": "[{\"added\": {}}]"}}, {"model": "admin.logentry", "pk": 146, "fields": {"action_time": "2019-02-19T10:35:11.770", "user": 1, "content_type": 7, "object_id": "21", "object_repr": "\u5e38\u7528\u6027\u80fd\u6d4b\u8bd5\u5de5\u5177\u6c47\u603b", "action_flag": 2, "change_message": "[{\"changed\": {\"fields\": [\"publish\"]}}]"}}]